6,1637,11,243529111.0909091,73536724.1060521,0.0
11,4573,7,305782969.14285713,97640726.53125346,0.0
14,4600,5,248233792.8,106536505.88193431,0.0
18,2916,8,305455392.0,74852920.8757761,0.0
19,138,4,,,1.0
20,3538,2,375441119.99999994,59440000.0,0.0
21,218,9,385001568.0,0.0,0.8888888888888888
23,535,3,137881120.0,9318597.891671615,0.0
28,3678,23,254296385.2173913,140526050.37259266,0.0
32,1871,21,,,1.0
33,953,9,,,1.0
35,677,1,,,1.0
38,5137,1,420501232.0,0.0,0.0
39,953,1,,,1.0
40,2174,7,,,1.0
41,439,3,,,1.0
46,3079,24,176445736.625,111044735.5825088,0.0
50,3351,100,10171037.59,4066963.2081804615,0.0
54,4428,6,,,1.0
55,1637,7,332926050.28571427,81596491.32112463,0.0
56,2055,1,461429692.0,0.0,0.0
58,4395,29,232038125.62068966,141128827.0210273,0.0
59,1384,7,,,1.0
60,4702,1,105001120.0,0.0,0.0
64,5044,3,149881232.0,10611138.801592726,0.0
66,1922,27,96893959.81481482,81141015.15347233,0.0
69,3216,47,142314439.57446808,48161956.02217464,0.0
70,218,5,,,1.0
71,2593,8,,,1.0
72,3265,14,374125882.5714286,70093888.34751193,0.0
74,4497,41,224363722.0487805,94451606.5163868,0.0
75,130,96,9980740.895833334,3944913.344833687,0.0
78,2656,96,77044351.15625,59459155.23344827,0.0
79,672,15,264399008.6,131178642.11606261,0.0
80,1735,3,121215200.0,22447869.49185156,0.0
86,4395,41,186351811.90243903,87377557.32641394,0.0
89,4497,4,375730491.0,67059069.3302196,0.0
93,3216,27,203989941.55555555,101040069.77710795,0.0
98,3777,13,,,1.0
101,4790,2,25452320.0,2439999.999999998,0.0
103,138,1,,,1.0
104,1871,9,,,1.0
105,1384,2,,,1.0
106,723,7,,,1.0
113,3079,2,321963778.5,132961538.49999997,0.0
115,535,15,256213273.46666667,77681883.04842162,0.0
116,4573,75,241269542.09333333,138004705.8482853,0.0
117,1832,38,267398007.0,86621616.34311955,0.0
118,3777,16,229605517.7142857,112127560.82212067,0.125
122,1094,22,,,1.0
123,3538,4,237821120.0,90626806.18889755,0.0
127,2123,62,184515029.67741936,117719216.9999591,0.0
129,3678,96,161884349.90625,100764291.7964194,0.0
133,138,1,,,1.0
135,1089,3,459548645.3333333,19588954.718040016,0.0
137,4988,7,328573557.5714286,84217038.88674067,0.0
140,4363,15,138489843.2,31668836.471764542,0.0
142,2002,1,,,1.0
143,539,6,,,1.0
144,2163,2,,,1.0
147,2778,1,,,1.0
149,1094,3,270850382.6666667,42877295.73578807,0.0
151,2002,2,,,1.0
152,2174,6,,,1.0
155,2001,95,26957079.57894737,20399762.56882089,0.0
160,2055,95,55298179.368421055,45463628.209473655,0.0
163,5028,57,180323680.3508772,174413878.99081007,0.0
164,3216,4,231071204.0,155627964.08127412,0.0
165,2766,4,,,1.0
166,1871,6,299367898.6666667,63883625.097168334,0.0
167,4497,1,,,1.0
168,1074,3,433213445.3333333,48511632.511067785,0.0
169,1735,5,413133086.6,21104418.42364422,0.0
170,3538,98,34754675.67346939,38946646.287034914,0.0
172,2916,3,187737890.0,183346702.1559825,0.0
173,3079,3,,,1.0
176,2317,8,83942240.0,8940000.0,0.75
182,1136,13,164821792.0,56915411.2639169,0.6923076923076923
183,196,12,219278906.83333334,122351028.96166787,0.0
186,3265,15,88215342.26666667,58860339.31934864,0.0
191,1525,2,,,1.0
192,2991,9,,,1.0
194,4790,4,52616963.75,34988442.31218927,0.0
202,2263,2,,,1.0
203,1074,3,,,1.0
204,4573,13,356083531.6923077,22867696.44779295,0.0
205,2766,2,,,1.0
206,4612,4,,,1.0
211,2055,8,,,1.0
212,2174,2,,,1.0
213,1832,1,375000112.0,0.0,0.0
215,4790,3,,,1.0
217,1525,96,140310124.41666666,77742346.17284074,0.0
219,1136,23,333965138.65217394,79463139.5738519,0.0
222,5044,5,,,1.0
223,1637,8,146581232.0,41066477.81341857,0.0
225,2163,16,279863592.125,106900200.17581792,0.0
227,2263,46,227245168.67391303,148342246.9753425,0.0
232,2766,58,86010812.06896552,67917929.71730374,0.0
240,4612,14,179869859.2857143,88753537.9540398,0.0
241,2744,1,457670474.99999994,0.0,0.0
243,96,1,427502240.0,0.0,0.0
244,2778,2,314719234.0,8940000.00000003,0.0
247,2207,1,,,1.0
248,3265,3,,,1.0
249,1494,11,,,1.0
250,3351,65,167396140.58461538,115589160.30865191,0.0
251,4363,97,164034803.29896906,120160926.13245875,0.0
252,953,25,255696877.96,103046236.64338565,0.0
257,535,9,111521120.0,38571123.3380045,0.0
258,2423,22,302139709.8181818,85744388.83241594,0.0
259,3265,94,78142575.65957446,58401224.29990988,0.0
261,2605,20,240670946.4,76271108.62116112,0.0
263,1384,8,214570112.0,76260740.22719686,0.0
267,2605,2,408179195.0,30440000.0,0.0
268,2744,19,,,1.0
271,1074,15,,,1.0
274,196,5,325762240.0,63003212.61650076,0.0
277,672,11,284855777.45454544,107894153.21286257,0.0
280,1525,9,,,1.0
282,2991,82,229312275.42682928,113279178.68028206,0.0
283,2423,4,,,1.0
289,5028,1,431000112.0,0.0,0.0
293,1922,3,,,1.0
294,4600,15,232566060.8,120279275.49536905,0.0
296,539,9,97375970.77777778,126889497.16055597,0.0
301,4612,1,,,1.0
303,5137,1,462910323.0,0.0,0.0
306,3693,24,,,1.0
308,3600,5,109693446.0,15293292.647432076,0.0
310,1074,3,147546778.66666666,48636801.79543972,0.0
311,672,20,66125120.0,27499575.276154645,0.0
315,5028,29,133518839.31034483,68393293.37969775,0.0
318,3262,6,288757796.3333333,29231048.941531718,0.0
319,1136,34,182761698.55882353,137820073.75420284,0.0
320,130,3,,,1.0
321,1089,94,55830525.319148935,34239883.17261543,0.0
322,1525,2,244829001.0,5940000.0,0.0
325,5137,7,47212660.571428575,11639081.24573834,0.0
326,2671,3,,,1.0
332,2001,8,319351437.125,161667631.59674445,0.0
333,2671,8,306582352.0,43756892.02857077,0.0
336,4395,12,275959554.5833333,123523889.06600451,0.0
337,3882,68,193984074.3529412,92365526.7412925,0.0
340,1384,2,456058768.0,20940000.00000003,0.0
341,3777,13,298385761.2307692,118613100.64684881,0.0
342,1384,2,166940112.0,41940000.0,0.0
343,196,6,,,1.0
347,3528,20,243311120.0,126165590.79241851,0.0
349,1832,1,39000112.0,0.0,0.0
351,3882,6,265533781.33333334,31964786.18035096,0.0
354,1832,6,,,1.0
355,2055,5,208561120.0,114654946.68787736,0.0
361,1735,37,267490522.75675675,83027485.51482888,0.0
363,953,4,,,1.0
365,876,7,,,1.0
366,3538,8,336011120.5,142156219.63303843,0.0
370,3265,4,197774453.5,90782550.12788649,0.0
372,3538,9,298076675.5555556,114812023.28745027,0.0
373,2841,1,369001120.0,0.0,0.0
375,1384,16,,,1.0
376,3678,97,92110531.78350516,51107883.84188885,0.0
378,3528,7,317307787.0,87423046.32401817,0.0
379,2766,12,359258906.6666667,70069379.82377815,0.0
380,3351,21,,,1.0
382,5137,15,259530121.26666668,124592947.05868678,0.0
385,3034,19,141253522.52631578,126457382.69600193,0.0
386,4612,2,278941232.0,21940000.000000015,0.0
388,5137,48,193838002.14583334,150540319.29849955,0.0
389,299,2,,,1.0
390,3351,21,172038207.23809522,84416433.04357544,0.0
391,2778,27,,,1.0
392,1089,3,198265419.66666666,141339232.85285828,0.0
394,4790,7,,,1.0
398,4600,2,,,1.0
401,2671,8,,,1.0
402,535,18,193759320.8888889,125329828.16339834,0.0
403,5044,4,357638854.0,83025680.36646011,0.0
404,130,1,382740315.0,0.0,0.0
410,2123,6,,,1.0
411,4600,46,111482786.30434783,83731497.32237925,0.0
414,677,7,412508342.85714287,30202129.401884288,0.0
415,1136,9,266898972.44444445,29248059.438670244,0.0
417,2605,1,,,1.0
418,4296,24,156838921.58333334,109656811.24234614,0.0
420,2207,45,190072739.31111112,55375548.72436597,0.0
421,1871,3,318548160.0,134603032.6233026,0.0
422,1136,4,80570392.0,14067913.115853395,0.0
423,3600,7,183640176.0,82420572.35453285,0.0
424,4573,21,304376302.47619045,90151313.56707166,0.0
425,3693,8,359279870.0,125754267.46610826,0.0
426,1089,1,244001231.99999997,0.0,0.0
427,4988,3,,,1.0
430,1637,2,336940336.0,60940000.0,0.0
431,1494,3,,,1.0
432,672,1,,,1.0
435,1735,2,382001792.0,55000000.0,0.0
437,3693,16,288617173.3125,85503850.61782919,0.0
440,5137,11,,,1.0
442,3265,1,477001120.0,0.0,0.0
445,4573,18,,,1.0
446,4988,4,213220224.0,126378183.24378619,0.0
448,2055,5,,,1.0
450,2761,8,134051890.75,16396978.510053815,0.0
451,1094,96,128498629.61458333,66263640.036716655,0.0
453,2174,2,393557625.0,13940000.0,0.0
455,218,6,,,1.0
456,539,3,341215909.3333333,75842062.79426272,0.0
457,3528,1,389308813.0,0.0,0.0
459,3032,3,199547898.66666666,19520719.47672239,0.0
466,2766,8,329851960.125,106477238.72856681,0.0
467,5137,6,,,1.0
468,2991,16,211855852.1875,57897395.7646213,0.0
469,1035,2,440440504.0,27439944.0,0.0
472,4428,23,236336387.47826087,99752952.60617836,0.0
475,2002,17,,,1.0
478,3678,29,267464745.37931034,94840857.53070907,0.0
479,3262,10,281427899.0,105357167.76755154,0.0
485,3425,2,,,1.0
486,2593,37,147287811.8918919,44234347.531377696,0.0
489,1136,47,159789692.25531915,108395387.33962892,0.0
499,3034,6,195533669.33333334,147828101.37303245,0.0
503,4573,63,258310117.3015873,138966630.55888587,0.0
512,2593,3,,,1.0
513,677,8,342959657.75,75455481.54577185,0.0
520,4600,35,144472512.17142856,115626425.11032616,0.0
521,2002,8,255831120.0,115395983.89892085,0.0
522,1260,39,346213542.15384614,67748207.5163917,0.0
523,196,25,,,1.0
524,3795,96,69373491.83333333,38215560.03417552,0.0
526,4428,4,,,1.0
529,1260,23,176760944.52173913,66107033.109631,0.0
533,1136,12,,,1.0
534,4296,34,315919483.2941176,56176403.70551564,0.0
536,4600,4,,,1.0
538,1828,3,60865882.0,44588941.82993456,0.0
540,2778,8,,,1.0
541,96,97,115636642.30927835,90186980.92039102,0.0
543,3693,6,361134453.5,76337624.07406387,0.0
544,2055,1,471727385.0,0.0,0.0
546,3693,7,272386143.85714287,35184047.40556059,0.0
547,4702,17,111801381.64705883,71408155.82538965,0.0
548,1525,18,331171964.1111111,87929793.7259519,0.0
549,3425,3,,,1.0
550,1735,59,169181818.7118644,82827025.8895668,0.0
552,1136,1,484445677.0,0.0,0.0
553,3265,11,,,1.0
555,5171,2,,,1.0
561,2055,3,19547786.666666668,2769805.4484425834,0.0
564,3678,1,493000336.0,0.0,0.0
565,1089,6,,,1.0
567,3600,9,50742334.222222224,18905670.976236954,0.0
569,1828,9,182633724.44444445,114825631.29364522,0.0
570,3777,14,167732829.2857143,53968386.73121125,0.0
571,4363,23,230555673.73913044,98774251.83707777,0.0
574,4296,1,201751232.0,0.0,0.0
575,2263,51,198687881.94117647,105151265.37515499,0.0
577,672,56,182509734.05357143,97542640.74271876,0.0
578,218,25,343165911.04,76174068.57986937,0.0
579,96,6,64701120.0,28411065.919227082,0.0
580,3693,92,66912109.75,45161460.310934074,0.0
581,2317,14,376761240.5,61280263.53783009,0.0
585,4702,19,136832172.63157895,87133650.57226664,0.0
586,4573,4,239160112.25,28241790.485696178,0.0
587,299,1,453001344.0,0.0,0.0
588,3425,7,244738358.85714287,132097533.46674673,0.0
593,1525,34,215988553.02941176,134222511.4384804,0.0
595,3528,15,205665120.0,22985861.39347404,0.0
596,2593,28,86450700.42857143,42068130.46446296,0.0
599,4428,4,228821960.0,48591513.3190478,0.0
603,1348,97,136970408.44329897,84397817.52475788,0.0
608,2317,15,381713531.3333333,56940896.780869134,0.0
609,1828,2,29441120.0,4440000.0,0.0
610,2123,62,249779163.61290324,100575195.09400713,0.0
611,196,12,,,1.0
612,723,21,356989057.14285713,79669818.79689339,0.0
614,3678,39,283824727.53846157,120890477.89735831,0.0
617,3216,22,161566868.4090909,169749492.40617645,0.0
618,4573,1,,,1.0
622,3538,4,,,1.0
624,1828,20,60104675.85,31520199.631870873,0.0
625,1260,22,216010057.0,112404696.04127511,0.0
626,1074,5,217960112.0,66835774.85149701,0.0
628,3034,60,277104829.3333333,90606231.77429357,0.0
629,3262,23,322943060.8695652,52394588.88562592,0.0
630,1735,26,277034384.0,117324050.387507,0.0
631,1074,9,205676778.66666666,59319015.6882447,0.0
637,2991,8,322342320.0,104148317.91850697,0.0
638,2055,10,237699302.1,126545066.47386445,0.0
640,196,3,,,1.0
641,1828,44,156177148.72727272,122075052.02859803,0.0
642,96,42,240555995.33333334,124601978.88483162,0.0
643,2778,1,,,1.0
646,2174,8,,,1.0
648,1094,8,195957520.0,66812767.96181999,0.0
649,723,83,148418630.12048194,88480041.49820256,0.0
652,2671,3,,,1.0
653,2174,3,,,1.0
655,2778,5,311761456.0,121403775.88856122,0.0
656,5028,2,,,1.0
657,4573,8,311930112.0,71665354.94923611,0.0
658,218,22,,,1.0
661,2174,4,164321960.0,69570732.21574716,0.0
663,3795,33,315682003.7878788,91695590.11307877,0.0
664,2761,10,174161636.2,158260809.7469259,0.0
666,96,99,141755087.82828283,74665184.46769525,0.0
667,1089,5,243002352.0,0.0,0.8
668,2766,3,310214565.3333333,57523489.308474846,0.0
671,677,1,321868343.0,0.0,0.0
673,1035,1,415001120.0,0.0,0.0
675,299,1,,,1.0
676,3032,10,,,1.0
685,138,34,151809342.82352942,110027372.57885067,0.0
686,3079,26,140967804.30769232,85783164.22180592,0.0
688,3216,35,165607826.2857143,115281296.58945954,0.0
689,175,11,,,1.0
690,1348,2,436632717.0,9440000.0,0.0
691,2605,96,109373888.66666667,60802606.75159194,0.0
692,196,3,361881232.0,61584058.54331677,0.0
695,2055,7,,,1.0
700,2001,5,200896162.6,191087092.56452456,0.0
701,1260,18,153481928.8888889,31985983.656499866,0.0
702,2207,15,,,1.0
706,1637,49,164787231.57142857,112084444.82580161,0.0
708,2174,2,216059888.0,11940000.0,0.0
709,3882,9,227410120.8888889,124949124.26392186,0.0
710,2841,20,347361792.0,55946064.79513153,0.0
713,2605,3,,,1.0
716,953,2,,,1.0
717,3538,12,133149453.33333333,57865525.40637262,0.0
718,2593,28,195143416.7142857,133371180.80660008,0.0
719,2593,3,,,1.0
720,3777,3,392880858.6666667,35267559.4129424,0.0
722,953,1,325617177.0,0.0,0.0
724,4497,1,,,1.0
729,3034,2,,,1.0
730,3034,10,222698313.6,152922081.0038119,0.0
731,3216,20,234305187.25,143502222.7471582,0.0
734,3795,2,,,1.0
737,1871,32,220080385.0,92171359.95140757,0.0
742,439,11,127675642.54545455,73255165.83684282,0.0
745,3538,1,474001120.0,0.0,0.0
746,439,3,396880373.3333333,34311662.70154339,0.0
747,3034,6,194367002.66666666,68806571.06862848,0.0
749,1525,1,144000112.0,0.0,0.0
750,4988,5,,,1.0
751,3216,3,,,1.0
759,2002,2,276606779.0,9940000.00000003,0.0
760,5028,3,,,1.0
761,2656,3,75881232.0,17107004.413397457,0.0
763,1922,5,,,1.0
764,130,47,303553337.31914896,67059165.666706674,0.0
765,1828,2,,,1.0
768,4561,29,148239764.6551724,52650167.397781774,0.0
769,4988,7,,,1.0
770,2766,99,64484691.52525253,48894932.56766742,0.0
771,2317,18,,,1.0
778,196,3,,,1.0
780,3678,4,335588851.75,161907743.85072222,0.0
781,535,6,170190308.16666666,50947141.14381051,0.0
783,439,18,292147002.7777778,114624538.75849326,0.0
785,3693,14,273508835.64285713,117913686.3629047,0.0
787,3538,26,244728221.19230768,82401582.33866192,0.0
788,2263,10,71091830.8,55330892.51406538,0.0
789,5171,11,,,1.0
790,218,3,433214155.0,28061284.37883531,0.0
792,2605,2,,,1.0
794,4612,1,,,1.0
796,535,5,,,1.0
797,3351,64,153494391.09375,56830588.80079665,0.0
798,2761,1,81000224.0,0.0,0.0
803,3032,12,197260929.0,118042374.55447534,0.0
809,4600,14,379016746.85714287,64561280.75871071,0.0
811,4988,6,,,1.0
812,4363,43,144411462.41860464,45613181.94519993,0.0
813,218,1,92000448.0,0.0,0.0
814,4573,99,56626356.92929293,49158646.838144414,0.0
816,2766,6,427701568.0,7965885.596299594,0.0
819,1136,2,,,1.0
820,1348,3,126214826.66666667,34700558.55475657,0.0
822,4240,13,276992953.9230769,114528494.1062974,0.0
823,539,21,,,1.0
824,4428,1,,,1.0
826,5171,7,,,1.0
828,3528,7,,,1.0
830,1871,2,263441680.0,77440560.0,0.0
833,1348,69,234199558.33333334,132636731.24553582,0.0
841,2001,4,282322688.0,17945138.61746405,0.0
843,1035,17,371217254.5882353,84293845.25029102,0.0
846,1094,19,327962925.2105263,58976071.02248528,0.0
848,196,10,413453232.6,24105445.671545304,0.0
849,2766,5,269106240.2,175623699.57851285,0.0
850,672,9,409386878.2222222,16819437.300352786,0.0
853,3079,9,,,1.0
856,4428,9,211076675.8888889,5079729.748814168,0.0
857,3032,1,,,1.0
859,299,1,,,1.0
860,196,6,,,1.0
862,3032,1,,,1.0
863,3216,8,295831162.0,127889840.14331608,0.0
865,2423,47,275232769.36170214,83514441.00585197,0.0
873,672,58,299696019.0344828,149165697.03765142,0.0
877,2317,1,145910659.0,0.0,0.0
880,3777,9,289246822.0,84896714.88300133,0.0
881,4240,1,,,1.0
884,3351,96,213700756.1875,105411730.51533012,0.0
887,2656,6,324436314.3333333,135276421.6015138,0.0
888,130,3,,,1.0
890,1988,2,,,1.0
891,2001,4,,,1.0
892,2841,9,109188782.22222222,38540116.60255721,0.0
895,3351,6,,,1.0
900,218,33,238490311.45454547,143078254.71807343,0.0
904,130,12,361446805.5,82297217.77348652,0.0
906,299,8,,,1.0
908,4702,2,303441120.0,136439999.99999997,0.0
909,1832,1,74750112.0,0.0,0.0
910,1348,21,87732579.57142857,48806674.07939678,0.0
911,1260,4,183573080.0,49436229.033323325,0.0
912,1922,21,139506193.19047618,16955967.581075348,0.0
913,2001,2,,,1.0
914,3032,1,492001232.0,0.0,0.0
918,1832,96,128987298.0,96962029.79639746,0.0
919,1348,4,351072240.0,106556255.09560665,0.0
920,3600,35,174910703.7142857,85189080.27047281,0.0
921,2317,2,462942240.0,23940000.0,0.0
923,2002,2,355849203.0,60940000.0,0.0
929,1384,38,190433484.4473684,173119187.6832123,0.0
930,439,6,364866984.0,52008889.07281026,0.0
931,1136,96,138633806.19791666,117150849.25278948,0.0
932,4363,7,217068795.42857143,105505719.19888261,0.0
935,4790,19,131825492.73684211,127382630.87351264,0.0
937,1260,13,,,1.0
940,4363,4,70970952.0,50858083.658698745,0.0
943,4497,2,,,1.0
944,1832,54,165001347.03703704,21774221.385686174,0.0
949,3034,2,51607003.0,4939999.999999996,0.0
950,1136,2,99720018.0,1939999.9999999925,0.0
952,3777,15,37748491.73333333,6313432.32018627,0.0
954,2761,50,248443691.1,87105080.2499836,0.0
957,4612,14,316444089.5,130557697.09940298,0.0
960,535,1,,,1.0
963,4497,2,39440112.0,5439999.999999996,0.0
964,1384,10,,,1.0
967,3032,93,20089050.150537636,24258594.379555944,0.0
968,1828,4,,,1.0
971,3777,46,126571957.13043478,55706349.300219364,0.0
972,2656,5,,,1.0
973,2761,6,288522071.1666667,175521193.9665509,0.0
975,1136,15,208436907.33333334,70243149.30930194,0.0
977,2671,99,96528437.05050506,71585956.95663205,0.0
978,3777,51,35369371.450980395,17890349.194916714,0.0
980,2766,93,30251183.720430106,26660328.894388996,0.0
982,1525,13,256151440.69230768,155177310.15914774,0.0
984,299,63,234062338.3015873,189118053.76435098,0.0
985,1136,4,344639736.75,82294263.31193249,0.0
986,473,2,415441120.0,36440000.00000003,0.0
987,3216,16,244261218.0,191393083.4388863,0.0
992,96,5,,,1.0
993,1637,8,148657563.0,174897179.15644827,0.0
994,3351,18,290895940.4444444,96813451.23029682,0.0
998,2163,3,331698294.0,27807126.184966806,0.0
1001,3795,9,398855573.6666667,6108500.452466052,0.0
1002,2605,8,,,1.0
1003,2916,3,67293445.33333333,7961391.5589898955,0.0
1004,2671,7,162928066.2857143,74462561.80258694,0.0
1005,3034,1,197353278.0,0.0,0.0
1008,3351,10,353942881.4,80290431.00359744,0.0
1009,672,53,280583928.490566,108622516.60201536,0.0
1011,3693,25,144480448.0,91227434.47011979,0.0
1012,1094,10,193694677.5,137596387.53803217,0.0
1013,1735,13,108919163.07692307,46683465.92244993,0.0
1014,473,4,,,1.0
1018,672,31,258417250.96774194,21748155.035438348,0.0
1019,2991,7,,,1.0
1020,2207,7,,,1.0
1021,4988,1,,,1.0
1023,1136,4,290323192.0,93595716.10835189,0.0
1024,1828,8,142487137.625,56589087.1999994,0.0
1028,1260,18,231735298.46153846,128746598.02530742,0.2777777777777778
1031,2593,20,345228845.4,131620174.63543954,0.0
1033,2174,70,227816646.17142856,163659259.8676613,0.0
1039,4790,63,201947937.55555555,126935116.88787307,0.0
1041,539,8,289185112.0,14119120.90039603,0.0
1042,3693,43,136759312.0,63134941.911924966,0.0
1045,3693,24,263203510.66666666,109658679.8513903,0.0
1046,2841,11,221321629.0909091,89856102.86362457,0.0
1047,4988,1,308000224.0,0.0,0.0
1050,677,1,,,1.0
1052,2656,5,,,1.0
1056,4363,95,154082448.71578947,107601803.74243197,0.0
1062,2174,21,,,1.0
1067,1922,42,357459178.54761904,84340885.88563043,0.0
1069,218,54,165030635.8888889,79497213.03889197,0.0
1076,2002,6,167975667.66666666,135951008.6136442,0.0
1078,2991,97,116653657.14432989,99708134.05082697,0.0
1079,439,25,186308436.48,82353260.38623652,0.0
1082,953,2,469677087.0,16440000.00000003,0.0
1083,535,21,115269197.33333333,86319066.92452335,0.0
1084,1871,27,257696912.62962964,85305476.25905561,0.0
1086,2605,13,344095539.38461536,54528198.57868667,0.0
1091,218,64,202103882.953125,120718249.97686256,0.0
1092,2123,1,,,1.0
1093,4790,14,363435585.85714287,50323472.94845736,0.0
1095,299,1,,,1.0
1096,1828,1,,,1.0
1099,2841,9,349035567.7777778,77263844.42728087,0.0
1101,2317,29,281407641.37931037,101429931.3401725,0.0
1102,4561,26,217802788.30769232,93232189.7923621,0.0
1103,876,19,283835901.7894737,65097905.24812975,0.0
1105,3034,2,,,1.0
1106,4600,70,126960692.82857142,80681175.88470085,0.0
1107,1828,12,166925760.0,79544556.55415606,0.0
1109,2593,2,,,1.0
1111,953,97,104302438.91752577,57613654.92324991,0.0
1112,4428,18,308779428.4444444,154195953.75106075,0.0
1113,1828,34,280212993.4117647,51564925.39541958,0.0
1114,96,12,183045660.0,173448106.02407816,0.0
1116,3795,19,33785893.78947368,9939094.945107896,0.0
1117,1525,42,207380747.04761904,128483270.26235399,0.0
1119,3216,30,177280231.53333333,24846637.43959087,0.0
1120,2123,4,341493387.0,15276135.092358908,0.0
1121,2761,2,,,1.0
1123,175,5,,,1.0
1124,2916,3,248630112.0,94526801.84300464,0.0
1126,4573,27,280790659.4074074,35495933.62125384,0.0
1129,2423,7,,,1.0
1131,2263,6,259424574.33333334,44531796.38066366,0.0
1132,2778,96,96756255.95833333,89434840.01817219,0.0
1134,1074,14,,,1.0
1138,4600,16,261527177.625,143241381.1733185,0.0
1139,677,51,321515630.1960784,61612107.81496012,0.0
1142,3032,13,,,1.0
1143,3693,22,303261229.09090906,111578119.87450077,0.0
1144,2778,97,108638269.24742268,74064032.3320149,0.0
1145,5171,8,,,1.0
1146,1074,5,,,1.0
1148,1922,18,172228347.83333334,93875395.0374383,0.0
1157,1260,90,166047000.8888889,106966309.53139137,0.0
1159,1384,13,446155406.0,22440000.00000003,0.8461538461538461
1161,4988,61,,,1.0
1162,876,5,,,1.0
1163,1494,30,370706018.6666667,64692220.98950967,0.0
1165,2207,3,,,1.0
1167,2761,1,,,1.0
1168,1494,2,,,1.0
1171,5028,4,394994454.0,33643608.6054989,0.0
1173,4428,2,,,1.0
1175,1035,21,288517310.47619045,143932749.85466516,0.0
1176,677,16,,,1.0
1177,5126,1,,,1.0
1178,3693,8,,,1.0
1181,3079,5,253420459.2,92408026.59763798,0.0
1183,1136,3,170882352.0,49446683.8285063,0.0
1184,2671,27,,,1.0
1186,677,57,204610654.42105263,169710885.21685955,0.0
1189,953,3,473382800.0,3168006.7339995527,0.0
1190,5028,1,,,1.0
1192,5171,2,,,1.0
1195,677,19,369749446.1052632,59172085.18217376,0.0
1196,4395,7,105301187.85714285,106742579.56772003,0.0
1197,4395,62,197575032.19354838,75624703.93889534,0.0
1199,672,21,,,1.0
1200,1828,22,270492701.09090906,115506450.4697971,0.0
1201,1094,11,244555059.72727272,74848751.8680061,0.0
1203,1988,98,32000008.244897958,26625533.793852974,0.0
1204,3079,2,79298375.0,8439999.999999993,0.0
1206,1074,6,295866778.6666667,25838747.819677513,0.0
1207,2991,3,286157132.0,134954460.61243907,0.0
1208,4497,8,156862938.25,136787062.3161905,0.0
1209,5044,30,357106339.2,48032703.754516944,0.0
1210,4395,2,210440112.0,1940000.0,0.0
1212,2916,8,,,1.0
1213,1637,11,,,1.0
1214,3079,13,165880542.92307693,94586162.84683216,0.0
1217,3693,1,,,1.0
1219,3538,3,,,1.0
1221,2123,1,475011311.99999994,0.0,0.0
1222,3351,3,,,1.0
1226,1637,94,52444569.872340426,31825838.191272035,0.0
1230,5126,29,197494215.0,67798149.34046717,0.0
1231,4240,19,146975859.52631578,44927772.03259891,0.0
1237,1871,4,,,1.0
1239,5126,24,319855476.2083333,69820079.87517384,0.0
1242,3600,17,84074943.05882353,62710915.80360587,0.0
1243,3425,2,465941232.0,5940000.0,0.0
1244,1260,62,286762383.1935484,163433317.46943367,0.0
1247,1494,4,,,1.0
1249,2991,93,80774488.43010753,49123624.752944246,0.0
1250,2841,3,,,1.0
1251,535,18,337403155.2222222,69473597.59930553,0.0
1253,1260,19,225236513.89473686,125197538.7059242,0.0
1254,2001,5,175621355.2,122354733.45537774,0.0
1256,3265,4,,,1.0
1258,3777,11,,,1.0
1259,5044,3,,,1.0
1265,2656,5,370028907.0,60395470.02880263,0.0
1268,1871,5,,,1.0
1269,2423,1,428001568.0,0.0,0.0
1270,3600,4,372554655.0,10003399.422196437,0.0
1273,3034,38,263186423.2631579,150626828.5439468,0.0
1276,1988,2,384608907.0,32940000.0,0.0
1277,1348,21,325304777.14285713,110863005.57533832,0.0
1278,4600,5,109744962.4,162845358.53326976,0.0
1279,2916,6,391491541.1666667,77054853.65824005,0.0
1281,3425,58,131201313.5,96117627.73076206,0.0
1282,5126,33,309660419.4848485,148324024.93133694,0.0
1283,1094,16,341708354.625,46497908.35175047,0.0
1285,1035,1,466728505.0,0.0,0.0
1286,1035,3,404547786.6666667,43389612.684246086,0.0
1287,138,2,249440112.0,77440000.00000001,0.0
1289,2991,7,,,1.0
1296,1136,57,224086688.7017544,127113183.42176029,0.0
1300,723,1,,,1.0
1302,1828,3,369110761.6666667,65663861.27749358,0.0
1303,3528,22,96629193.36363636,88547992.69362539,0.0
1305,2991,62,130693985.85483871,114389178.4145327,0.0
1306,1260,2,,,1.0
1308,2593,41,280714181.14634144,78849195.40599689,0.0
1310,3216,79,211004327.24050632,130564953.66940145,0.0
1312,2593,2,,,1.0
1314,96,83,158969639.8433735,129141843.47175287,0.0
1319,677,5,,,1.0
1321,5171,27,242655474.8148148,50729131.64350446,0.0
1323,439,5,142378876.4,16023087.793964826,0.0
1329,138,4,70571120.0,21052683.914408628,0.0
1331,130,43,227260563.02325583,54373969.57069348,0.0
1337,1828,35,334021738.74285716,42931057.79430872,0.0
1340,2055,3,214297786.66666666,24017600.953374904,0.0
1341,473,4,427992231.6666667,43313644.758000016,0.25
1342,1136,26,70958907.6923077,51757332.81314802,0.0
1347,2991,2,,,1.0
1349,5137,6,,,1.0
1350,539,8,190897576.25,151650339.16818595,0.0
1351,3351,5,270992357.6,44707535.71874682,0.0
1354,439,7,,,1.0
1355,3262,1,426002240.0,0.0,0.0
1357,4395,13,266461813.76923078,80638597.17294247,0.0
1359,299,17,343132352.0,49889039.54443968,0.8235294117647058
1360,4612,3,182002240.66666666,110666034.59655137,0.0
1361,3216,44,169423696.36363637,115837933.50074764,0.0
1362,439,27,301704209.7777778,72828497.4766123,0.0
1363,1832,48,120681125.3125,43055464.037638165,0.0
1364,3600,6,113916003.66666667,90684197.6996959,0.0
1365,3693,3,409032747.3333333,42222487.952380165,0.0
1367,439,36,215975110.2222222,73595035.90381044,0.0
1368,1828,39,145209068.7179487,77349216.2683676,0.0
1369,539,18,254807246.3888889,81110547.78630796,0.0
1372,1988,1,123001232.0,0.0,0.0
1374,1871,42,70915721.14285715,24639333.78737673,0.0
1376,2761,4,235377889.0,132667198.49338175,0.0
1377,4573,6,,,1.0
1379,4497,12,331591120.0,72903971.77109076,0.0
1383,4497,6,,,1.0
1385,1348,1,375002240.0,0.0,0.0
1388,2744,2,,,1.0
1389,2841,42,121792079.11904761,41447583.82084245,0.0
1392,3538,57,260565178.78947368,188074887.94375363,0.0
1395,3079,33,290434661.8181818,95451257.14976647,0.0
1397,723,94,10032297.265957447,3653803.9358596383,0.0
1398,2317,2,280692240.0,10940000.0,0.0
1399,1832,20,168728825.4,71693138.63522118,0.0
1400,4363,1,459001232.0,0.0,0.0
1401,5137,12,367789950.3333333,55868033.39616991,0.0
1405,2123,33,285942718.4848485,89749041.60944712,0.0
1406,2778,96,143524553.41666666,91651485.66722593,0.0
1407,1637,3,125546928.0,29131336.223281942,0.0
1408,3693,9,,,1.0
1409,3216,50,247793920.0,162796352.33063424,0.0
1410,5028,17,,,1.0
1411,3034,10,320224951.4,67894623.15420875,0.0
1412,130,1,,,1.0
1418,2001,1,,,1.0
1420,130,2,,,1.0
1421,535,35,64128956.91428571,25747391.644152973,0.0
1422,4240,47,167341177.0212766,66642759.639436215,0.0
1424,2001,15,163065718.33333334,113344923.19567077,0.0
1425,4790,23,233758357.73913044,105364672.90855104,0.0
1426,2761,12,318780984.4166667,77760155.34131338,0.0
1427,876,39,281760845.1025641,143284208.80957153,0.0
1428,2593,3,,,1.0
1430,1074,13,,,1.0
1431,1735,94,59520022.4680851,49733118.12179883,0.0
1434,4702,1,398118768.0,0.0,0.0
1435,1348,96,85444198.0,80822416.46105471,0.0
1436,4428,37,303211142.3243243,98611298.97093865,0.0
1437,953,13,,,1.0
1439,3795,9,248984089.33333334,159210376.55432677,0.0
1441,4600,2,463350323.0,18440000.0,0.0
1447,175,15,322560635.2,107298096.92663543,0.0
1449,2423,95,182407172.56842107,86358269.5053126,0.0
1451,2766,9,136633102.2222222,85822355.16267695,0.0
1453,2991,2,,,1.0
1456,1871,11,214750302.54545453,129870522.37602663,0.0
1457,3538,18,67161120.0,36582383.13116787,0.0
1458,3079,1,266002240.0,0.0,0.0
1459,3795,5,374275518.0,47097142.163829856,0.0
1460,4395,22,163564497.13636363,112253212.44535346,0.0
1464,535,15,259961769.6,102837309.62556376,0.0
1466,3216,1,487858375.0,0.0,0.0
1473,3795,7,201148683.57142857,178433578.76499134,0.0
1475,2055,3,,,1.0
1476,3777,17,228417702.85714287,122534102.57834339,0.5882352941176471
1477,2002,4,,,1.0
1478,2841,49,208512236.73469388,80844976.26023482,0.0
1480,2001,11,114766324.36363636,57342392.26273371,0.0
1481,299,1,102001232.0,0.0,0.0
1482,218,7,256783753.7142857,10423115.755151551,0.0
1484,3538,5,380957120.0,91958166.48889863,0.0
1489,3678,25,313743179.84,55507056.30015715,0.0
1492,1525,5,300360112.0,108456870.69061139,0.0
1493,299,5,,,1.0
1495,672,15,,,1.0
1496,535,6,,,1.0
1497,1035,92,28728322.913043477,33123324.66164034,0.0
1501,3425,17,252535778.11764705,105519135.08541796,0.0
1502,876,12,224849268.5,74416010.24688007,0.0
1505,1988,4,23821232.0,2101903.898849802,0.0
1509,2207,28,186745605.57142857,86847059.41187309,0.0
1510,535,42,230966285.85714287,134359387.00188035,0.0
1511,4363,35,260429018.6,78098439.02283701,0.0
1514,953,2,,,1.0
1516,2916,1,181909203.0,0.0,0.0
1517,1525,5,51760112.0,11721296.856576921,0.0
1518,2656,1,,,1.0
1528,5044,3,,,1.0
1531,5137,5,,,1.0
1532,3216,4,359430435.0,133011448.15880935,0.0
1533,1525,3,,,1.0
1534,4561,3,,,1.0
1535,3882,26,284658514.96153843,86783933.14758097,0.0
1536,1637,13,230266808.6153846,60539117.50206634,0.0
1537,1074,4,,,1.0
1542,953,2,,,1.0
1543,1525,2,,,1.0
1544,3600,31,112568901.09677419,84888855.80964366,0.0
1546,2841,21,178258490.6190476,61450204.44296585,0.0
1547,3693,31,234007962.32258064,41563708.685963914,0.0
1549,4497,29,226659673.72413793,70890886.77988148,0.0
1550,2174,1,386002240.0,0.0,0.0
1553,1828,3,265157199.33333334,98110253.11754167,0.0
1554,3034,15,205491287.06666666,146639971.95555514,0.0
1556,1074,4,239541540.75,142416414.00142115,0.0
1557,1384,6,334867114.6666667,529989.5177160673,0.0
1558,3528,9,272705393.8888889,110957434.97587486,0.0
1559,2744,6,298037178.6666667,20888679.22203052,0.0
1561,672,55,72512674.14545454,50891017.76437822,0.0
1567,3034,20,148916406.0,179739331.41141558,0.0
1569,2001,28,215881979.25,54765067.0012588,0.0
1571,3032,8,,,1.0
1573,130,1,,,1.0
1574,4612,10,144061232.0,44522070.931168504,0.0
1576,1136,5,,,1.0
1577,3216,33,221777937.87878788,118585577.00822365,0.0
1579,677,1,,,1.0
1581,1637,5,127980309.0,39365020.817569956,0.0
1582,4612,11,164867974.54545453,31966593.812758148,0.0
1588,2174,57,96416057.70175439,72872071.83125181,0.0
1589,1871,3,133547786.66666667,35645548.888403386,0.0
1590,2841,34,346166159.7941176,77697569.581136,0.0
1591,1094,8,,,1.0
1593,1828,3,213063684.33333334,140184653.7536531,0.0
1594,1094,1,,,1.0
1596,3425,59,227772998.62711865,86025709.76879829,0.0
1597,876,28,349074397.71428573,57231558.441411085,0.0
1599,1260,11,78558858.18181819,38686674.08548507,0.0
1600,1832,1,398667115.0,0.0,0.0
1603,1089,51,291741005.9411765,87380682.37045078,0.0
1604,1637,28,259721989.07142857,160319471.4843963,0.0
1607,4363,3,430881232.0,44541623.97877595,0.0
1608,4702,27,157482602.1111111,62763094.584013335,0.0
1609,1832,14,270132421.21428573,126158946.81622036,0.0
1610,5044,10,,,1.0
1611,2317,11,342879309.09090906,53940358.59793859,0.0
1613,723,9,288214453.3333333,115632255.39999162,0.6666666666666666
1614,4573,1,423000112.0,0.0,0.0
1616,2761,70,171827220.5142857,103765951.44837238,0.0
1618,2841,65,198889872.52307692,146896908.99184647,0.0
1619,2263,3,179550026.66666666,20319903.761801846,0.0
1621,5171,2,,,1.0
1622,2123,7,370071291.4285714,68035206.84514776,0.0
1626,2174,1,,,1.0
1629,1637,29,78313208.10344827,34079709.91411771,0.0
1630,175,4,,,1.0
1632,2163,1,269334566.0,0.0,0.0
1633,5137,9,268812013.6666667,125992772.2781002,0.0
1634,1871,97,235874980.30927834,85236339.97967881,0.0
1635,4561,11,195904466.9090909,32798405.105818775,0.0
1636,1828,13,89761859.2,40221806.62730452,0.6153846153846154
1638,196,2,,,1.0
1639,3351,17,326673481.0,82950828.93712185,0.0
1640,4612,36,210001962.44444445,69753822.21201664,0.0
1641,4428,6,280047955.0,98142341.69082503,0.0
1642,3262,5,222972320.0,27263983.568070162,0.0
1645,4988,91,199519338.75824177,113866375.42014627,0.0
1647,2761,1,,,1.0
1648,4600,92,123596842.20652173,85554065.92363304,0.0
1649,2123,28,190619234.75,83144845.7422933,0.0
1650,1637,6,286301232.1666667,99311368.22413808,0.0
1653,4363,10,,,1.0
1654,1828,25,133950296.52,51807219.53997882,0.0
1655,1260,1,81002240.0,0.0,0.0
1658,138,15,,,1.0
1659,3693,35,226588043.6,125724685.50468428,0.0
1661,4428,2,402941344.0,67940000.0,0.0
1663,1832,95,65524748.29473684,95341613.5146737,0.0
1666,2055,11,295728393.27272725,90825529.44393718,0.0
1668,1384,45,231169416.7111111,133227399.51855838,0.0
1670,2174,2,,,1.0
1671,138,13,304788377.15384614,100214387.01788604,0.0
1673,4395,7,193354493.7142857,40893311.345638566,0.0
1676,4600,14,218369235.2857143,133321852.7677585,0.0
1677,2001,11,301568097.6363636,166766653.6675998,0.0
1678,5137,4,379436617.0,48630628.20897958,0.0
1679,2778,2,426191400.0,52439944.0,0.0
1682,2916,2,,,1.0
1683,96,9,345966062.2222222,85012049.99631755,0.0
1684,2001,35,185748059.2,68573673.22064428,0.0
1685,1871,10,386015294.0,48314484.72211803,0.0
1688,2841,47,227808266.93617022,86511397.6579009,0.0
1690,3528,13,334918573.53846157,87713437.07657899,0.0
1691,2001,1,,,1.0
1693,3216,24,207656395.91666666,78064337.5572802,0.0
1695,3034,20,186987586.6,77562312.08340897,0.0
1698,4497,27,216174118.74074075,105642604.84077916,0.0
1699,2001,5,,,1.0
1702,2744,20,,,1.0
1703,5028,19,,,1.0
1709,2671,81,197038650.86419752,90715899.12687407,0.0
1710,2055,1,,,1.0
1713,4573,2,,,1.0
1715,4988,13,330485352.53846157,32515098.941439454,0.0
1717,2916,23,255124414.6521739,88072604.76254606,0.0
1723,1735,4,286595526.5,142741603.72806227,0.0
1728,5028,8,,,1.0
1730,876,2,184298263.0,52440000.0,0.0
1731,2991,32,147949012.6875,146805990.89008668,0.0
1736,876,3,42547786.666666664,9745690.785618477,0.0
1737,1260,4,259573360.0,93908974.54450239,0.0
1738,4395,32,217470808.5,81609363.3243864,0.0
1741,876,9,228509247.8888889,100168210.67852707,0.0
1743,1348,3,379548907.0,33853157.41059712,0.0
1744,5171,1,,,1.0
1749,953,16,271887800.0625,103346956.20891766,0.0
1750,5126,2,,,1.0
1753,1637,4,87570560.0,33682866.56447162,0.0
1755,1260,8,52599693.625,16377734.139867563,0.0
1756,3678,13,309985925.6923077,69900661.1479367,0.0
1757,3425,12,,,1.0
1758,3528,35,273725314.14285713,91465806.7131621,0.0
1759,3351,95,291169375.15789473,115358675.7282384,0.0
1761,3216,35,151863631.6,104435073.73495139,0.0
1762,1260,4,20604704.0,675670.9629516426,0.0
1764,138,1,,,1.0
1766,3262,12,256675573.33333334,104086953.17964792,0.0
1771,138,3,,,1.0
1772,1260,2,,,1.0
1774,2605,12,369327146.6666667,91554618.83479251,0.0
1775,3882,2,,,1.0
1776,1637,16,376266393.4375,78245667.69047353,0.0
1777,4600,2,349941344.0,131940000.0,0.0
1779,1735,3,330882352.0,62230187.74410588,0.0
1780,2656,9,,,1.0
1781,2123,1,,,1.0
1783,3777,6,,,1.0
1784,1348,97,97311497.20618556,57879263.80049239,0.0
1786,876,14,213792548.57142857,68765224.06577562,0.0
1788,1735,4,210821960.0,27097360.141445514,0.0
1789,2001,1,,,1.0
1790,1094,7,,,1.0
1792,4561,1,277000224.0,0.0,0.0
1799,1074,12,,,1.0
1801,4612,3,230382240.0,13392893.638045514,0.0
1803,1348,7,,,1.0
1809,3034,24,263285887.33333334,107966895.98524013,0.0
1812,2841,42,,,1.0
1813,218,67,254429794.02985075,152787844.73369476,0.0
1814,4363,1,,,1.0
1815,2766,8,267511960.0,141667088.08553663,0.0
1816,4395,4,299320168.0,6593022.372412822,0.0
1819,1260,75,342818232.70666665,148990823.98463893,0.0
1820,1832,11,315855166.54545456,96958169.38398992,0.0
1822,1832,6,,,1.0
1824,3265,2,,,1.0
1825,439,37,300103398.9189189,20059030.968585283,0.0
1827,473,7,,,1.0
1829,535,3,,,1.0
1833,3034,9,333812176.0,79541137.65726414,0.0
1835,2263,35,190039269.65714285,111345375.19894427,0.0
1838,4561,96,24209095.322916668,10742263.405871687,0.0
1843,677,34,146215905.88235295,89842400.97609138,0.0
1844,2778,6,,,1.0
1847,473,30,137820705.96666667,52517784.69877648,0.0
1848,3034,9,201639124.0,121848157.32183059,0.0
1849,2656,16,,,1.0
1854,3693,1,,,1.0
1856,1922,18,140381593.7222222,68694448.01981789,0.0
1857,2002,1,367000112.0,0.0,0.0
1858,2841,94,36156192.680851065,29128306.313631926,0.0
1859,723,13,310088800.0769231,67306237.50868252,0.0
1860,3262,4,,,1.0
1861,1871,3,373041045.3333333,104298811.72382878,0.0
1864,218,39,192659935.17948717,123004816.03972986,0.0
1865,2656,33,141159078.78787878,42259322.35381312,0.0
1874,1988,6,,,1.0
1875,2671,2,214942352.0,92940000.0,0.0
1877,196,8,,,1.0
1878,723,10,383561120.0,56099383.24081648,0.0
1880,1094,7,49941120.0,4940000.0,0.7142857142857143
1882,535,103,154167131.81553397,95113236.69977847,0.0
1883,2001,11,137754622.0,34780119.71331794,0.0
1884,4395,51,131770756.50980392,51751709.47148868,0.0
1891,4296,1,339002240.0,0.0,0.0
1894,953,94,4097662.8085106383,289691.1643433424,0.0
1895,175,5,,,1.0
1896,218,1,398000448.0,0.0,0.0
1902,4428,42,169102969.2142857,109339015.03876305,0.0
1903,1094,2,,,1.0
1905,1035,1,23000224.0,0.0,0.0
1906,1828,17,162076533.05882353,122027206.81846131,0.0
1908,1094,17,405002240.0,0.0,0.9411764705882353
1909,2841,3,,,1.0
1914,535,1,391014560.0,0.0,0.0
1917,1988,1,48002240.0,0.0,0.0
1920,1074,50,144657979.1,69913931.00262241,0.0
1921,3079,35,328631890.6,65750751.25858149,0.0
1923,1035,10,410453120.6,18501473.396025036,0.0
1925,3032,2,,,1.0
1928,3034,8,187205322.0,93726148.2205546,0.0
1929,5044,13,296809919.84615386,89667782.44136837,0.0
1930,4702,3,,,1.0
1932,1074,9,,,1.0
1933,4395,9,,,1.0
1934,3678,95,238772487.9473684,86748501.65328164,0.0
1935,1089,22,,,1.0
1939,1828,17,264060055.52941176,90985162.59149754,0.0
1940,2671,29,151517689.6551724,123104101.59031138,0.0
1941,3538,11,,,1.0
1952,2123,61,168650832.852459,136215465.8466397,0.0
1956,2317,3,209072978.0,71470612.4567391,0.0
1957,677,37,242520118.9189189,55289016.05317788,0.0
1958,2001,13,,,1.0
1959,5044,46,252766138.32608697,106121698.40568605,0.0
1962,1094,26,188235720.6153846,138619801.15050635,0.0
1963,4573,1,420000112.0,0.0,0.0
1964,1832,10,239681445.4,117245326.4081372,0.0
1966,953,14,,,1.0
1968,2317,14,258675774.2857143,33330726.26792896,0.0
1970,2317,9,137644966.1111111,108932387.25092123,0.0
1973,1637,14,246660560.64285713,81142704.68815832,0.0
1978,218,5,,,1.0
1979,3882,6,,,1.0
1980,2778,21,294125934.85714287,121227672.06463088,0.0
1983,2991,18,80864450.55555555,44826283.4926222,0.0
1985,1525,3,,,1.0
1987,3351,29,224838149.55172414,103727870.15853673,0.0
1990,3262,5,,,1.0
1991,3262,97,88145850.10309279,74156875.83143826,0.0
1992,3528,4,189534734.0,16466268.551192764,0.0
1999,2671,97,17202854.835051548,7037463.86363977,0.0
2008,4296,13,,,1.0
2012,2761,79,258577914.01265824,114575577.56676708,0.0
2015,3777,21,292916788.0,109031419.94465926,0.0
2016,1922,2,,,1.0
2017,3528,11,61546227.72727273,16797450.005487904,0.0
2018,1089,16,261664796.5,96784134.16800196,0.0
2023,2263,40,272833190.55,101068466.74937825,0.0
2026,2841,31,338185953.2258065,58977833.51131307,0.0
2028,1922,4,,,1.0
2030,2055,2,323556505.0,28940000.0,0.0
2031,4702,32,284406024.34375,138934857.92870143,0.0
2033,3034,95,4008869.052631579,81645.13444069622,0.0
2034,4428,8,249176064.25,46604947.640135445,0.0
2042,3528,3,,,1.0
2043,539,46,172978124.6521739,87544923.70852327,0.0
2044,1832,10,,,1.0
2047,3777,5,264419517.8,187579200.07951573,0.0
2048,4395,9,340787774.2222222,82282250.35547416,0.0
2050,1637,7,171497431.0,36795236.273078114,0.0
2051,3538,2,143440448.0,17440000.000000007,0.0
2054,299,10,,,1.0
2056,175,4,254296384.0,146657933.47287163,0.0
2057,2123,1,393900201.0,0.0,0.0
2058,96,2,166618767.5,95617647.5,0.0
2061,2841,18,,,1.0
2062,2593,2,196299383.0,22440000.0,0.0
2063,1525,3,315546778.6666667,97899770.96784014,0.0
2065,1035,5,186245939.0,6202967.031993641,0.0
2066,4790,27,360360920.2592593,100053965.33452056,0.0
2067,4612,55,154070651.05454546,105276499.31415978,0.0
2068,4988,6,326366890.6666667,73062148.58293967,0.0
2072,2123,5,222371312.0,67635824.82678835,0.0
2074,677,17,129307794.0,139898502.5242605,0.0
2075,1988,12,215174565.33333334,120839330.60979038,0.0
2078,2605,1,107001119.99999999,0.0,0.0
2080,3693,1,103001232.0,0.0,0.0
2081,535,70,127740167.78571428,41246706.677770644,0.0
2083,3034,4,373937984.0,90063633.06018695,0.0
2084,1260,1,483001120.0,0.0,0.0
2086,535,68,188036935.02941176,120632418.69813277,0.0
2087,2174,50,276828720.0,159671026.23281407,0.0
2092,2916,12,139644453.66666666,150232950.37536427,0.0
2093,1922,22,184203049.27272728,108575989.39502177,0.0
2096,2671,15,222090344.53333333,108437251.19797891,0.0
2098,3425,7,66498374.85714286,25480469.671767782,0.0
2099,1494,11,188584170.1818182,61359284.963562526,0.0
2100,5044,1,,,1.0
2101,2163,17,98976582.58823529,28522753.13441502,0.0
2104,4296,13,349557535.0,56641045.188096605,0.6923076923076923
2105,3777,11,230784089.14285713,102697099.9332205,0.36363636363636365
2106,2163,3,448001232.0,0.0,0.6666666666666666
2110,1922,14,300313582.0,43257976.798467,0.0
2113,2055,12,,,1.0
2115,4702,8,384029870.0,79971374.79084311,0.0
2116,2671,57,331299930.0,89944708.99098781,0.0
2117,953,33,269482869.8484849,70402958.37470734,0.0
2118,2263,12,309286133.5,112579199.65263665,0.0
2119,1871,2,,,1.0
2120,5171,9,277076787.5555556,137634187.54163846,0.0
2121,2163,4,374070672.0,46162537.689273536,0.0
2129,2423,10,309273229.0,77400810.7143243,0.0
2130,1871,3,437547898.6666667,5214577.856569237,0.0
2131,2916,1,467333446.0,0.0,0.0
2133,5137,18,187850121.33333334,84791326.06984901,0.0
2134,130,1,232003472.0,0.0,0.0
2135,1494,6,260202352.0,131169020.73279344,0.0
2137,4240,7,,,1.0
2142,2605,1,383002352.0,0.0,0.0
2143,4702,2,,,1.0
2147,3538,2,370441120.0,44440000.0,0.0
2149,2001,21,174740604.04761904,71206971.92148791,0.0
2150,4497,7,246068683.42857143,93011978.86425649,0.0
2151,3032,1,,,1.0
2152,4296,10,296085595.8,100974095.99472348,0.0
2153,2761,12,123148102.83333333,139730229.0667399,0.0
2156,3216,7,103879279.57142857,14524203.95170858,0.0
2157,1637,13,310145671.61538464,102580826.03654332,0.0
2159,1922,6,254700112.0,109775355.4613542,0.0
2161,3882,10,296045120.4,122037749.54546395,0.0
2164,3351,6,,,1.0
2165,2317,2,403442240.0,54440000.0,0.0
2166,4296,3,,,1.0
2169,4600,8,,,1.0
2171,2174,1,437002240.0,0.0,0.0
2172,1735,14,155481120.0,83600316.13063946,0.0
2173,4428,5,,,1.0
2175,3777,2,,,1.0
2177,2605,2,339941736.0,117940616.0,0.0
2179,2423,6,,,1.0
2183,2778,5,,,1.0
2184,2163,15,210558192.0,59005398.935152814,0.0
2186,1260,26,119992793.84615384,84728476.91340812,0.0
2187,299,3,268881642.6666667,112674768.5824587,0.0
2189,138,17,57811274.88235294,67878524.19029407,0.0
2191,3795,14,,,1.0
2193,2423,17,326720081.88235295,122516124.77443972,0.0
2194,3528,32,163573620.0,58273197.47319517,0.0
2198,953,2,,,1.0
2200,2263,26,189457033.84615386,63352203.244454004,0.0
2202,4612,30,88633972.2,55830563.486669034,0.0
2204,1136,99,36464390.464646466,21159346.58633191,0.0
2206,175,3,,,1.0
2208,4790,10,,,1.0
2209,2991,10,193771692.8,123041319.14811495,0.0
2210,2123,1,,,1.0
2211,2163,4,,,1.0
2212,3262,1,34001232.0,0.0,0.0
2213,4428,39,237550829.35897437,125969236.64430942,0.0
2215,2761,23,179823702.26086956,175235713.34456903,0.0
2218,2423,54,275344846.6296296,89842014.3688228,0.0
2219,196,2,,,1.0
2220,439,15,112549654.4,62273555.36868834,0.0
2221,3678,3,396214678.0,7691311.114931359,0.0
2222,439,39,222963031.84615386,92124360.7471482,0.0
2224,953,1,,,1.0
2227,3216,4,366257330.0,115227363.17751221,0.0
2228,175,19,294832810.31578946,130093495.53528067,0.0
2229,1094,2,321941176.0,94940056.0,0.0
2231,3538,5,,,1.0
2234,4497,5,282795407.0,23076152.1922525,0.0
2238,4363,46,198828770.32608697,93972375.09904055,0.0
2240,1094,13,220188821.23076922,38860745.83671644,0.0
2241,1260,6,344361194.6666667,134710943.54437625,0.0
2242,473,1,82001120.0,0.0,0.0
2244,953,18,232043786.66666666,135896673.23231393,0.0
2245,5137,16,,,1.0
2247,1735,6,325891596.3333333,96911906.15995312,0.0
2248,196,1,314119888.0,0.0,0.0
2249,1035,3,,,1.0
2251,1525,8,262705112.0,166059326.67272863,0.0
2252,1871,14,,,1.0
2253,1494,1,,,1.0
2254,4790,2,,,1.0
2256,2671,8,391346241.0,41326141.545031756,0.0
2257,1094,27,316527627.1851852,74200267.71971811,0.0
2258,3795,6,208533706.66666666,90361708.98554687,0.0
2262,4988,1,,,1.0
2264,3777,5,,,1.0
2265,3528,53,305705237.9245283,68778244.4721391,0.0
2269,2916,15,297747525.4,154443443.91220614,0.0
2271,4428,96,128475812.20833333,92783405.13257363,0.0
2272,1988,20,108413996.0,36198163.40657022,0.0
2273,3425,13,281386726.84615386,86771467.79652116,0.0
2274,3600,43,210963092.4651163,140212743.06377757,0.0
2276,1094,20,213453891.95,109708525.06794955,0.0
2278,4395,58,233778016.12068966,162255430.3306372,0.0
2285,3600,96,150331978.58333334,104755525.47971034,0.0
2287,2593,15,242249173.93333334,137698924.09044698,0.0
2288,3528,47,98146666.72340426,56760403.18723799,0.0
2289,4988,7,282703081.14285713,95339255.55079393,0.0
2290,3034,96,180999479.33333334,128929719.94174972,0.0
2293,2991,95,96372123.11578947,47381184.78875075,0.0
2294,439,81,256366754.37037036,145304195.51771122,0.0
2296,218,69,118483210.6231884,94822999.7770691,0.0
2299,3693,21,279607794.52380955,153535915.72357342,0.0
2300,1922,2,,,1.0
2302,2991,36,178997782.2222222,78068071.8257066,0.0
2303,2263,76,239160953.2631579,139255105.9196664,0.0
2309,4395,4,,,1.0
2311,1828,1,391729624.99999994,0.0,0.0
2312,2605,2,347441736.0,145440616.0,0.0
2313,2766,13,400881232.0,49159430.42794535,0.7692307692307693
2315,535,1,497015792.0,0.0,0.0
2318,3351,10,,,1.0
2324,4561,18,259466507.44444445,88010671.46114863,0.0
2325,2761,1,,,1.0
2326,3777,3,130214565.33333333,41865719.73451416,0.0
2327,3262,13,316792001.2307692,116484013.19570644,0.0
2329,2593,8,383749985.0,49714553.97372094,0.0
2334,2263,35,251668134.97142857,102542486.72946283,0.0
2337,2174,15,,,1.0
2338,1735,6,,,1.0
2339,2207,19,357606692.2105263,67453354.93915646,0.0
2342,4600,6,,,1.0
2344,1832,4,,,1.0
2345,677,99,195092536.24242425,128163246.6745574,0.0
2348,1988,31,,,1.0
2350,3538,11,221152635.45454547,86495581.05050808,0.0
2353,1094,1,275445565.0,0.0,0.0
2354,1089,3,,,1.0
2356,1035,31,188041474.80645162,39377070.94371239,0.0
2357,1735,3,157544826.66666666,147986179.5592596,0.0
2359,1348,3,80833027.0,55024108.38269637,0.0
2361,3265,27,235490009.55555555,123770664.0684723,0.0
2363,4296,22,251492141.13636363,106311703.90766984,0.0
2364,2163,29,306279637.2413793,64293764.032716095,0.0
2365,2656,1,363001232.0,0.0,0.0
2367,3079,7,174356365.7142857,85069906.47604707,0.0
2369,2423,1,,,1.0
2371,1922,1,232727385.0,0.0,0.0
2373,1735,2,404248813.0,68940000.0,0.0
2374,953,6,,,1.0
2375,953,15,314821913.93333334,22086687.89082459,0.0
2377,4790,2,451441232.0,14440000.0,0.0
2380,723,1,,,1.0
2381,3034,51,255801544.66666666,100049069.64164248,0.0
2382,5044,15,103041790.8,83065433.70139644,0.0
2384,1988,3,,,1.0
2385,3678,1,,,1.0
2389,535,11,226583630.54545453,94894862.17370468,0.0
2390,2055,10,325694454.0,56025894.01339349,0.0
2392,96,5,232761164.8,50626476.3187308,0.0
2395,3538,95,35120050.526315786,31940202.82840963,0.0
2403,2163,10,288161008.0,93521869.66245224,0.0
2406,3678,5,221952358.8,117702848.68627958,0.0
2407,2766,7,182561164.8,58678259.83952669,0.2857142857142857
2408,3216,12,316814453.9166667,82556347.88516463,0.0
2409,4395,17,263556631.11764705,107379558.96392892,0.0
2410,5028,5,159361120.0,35189043.74943997,0.0
2412,299,7,,,1.0
2415,1525,3,,,1.0
2417,1735,16,197989740.25,134288157.8252286,0.0
2419,723,5,,,1.0
2420,2423,17,259474057.2352941,67576541.23019002,0.0
2421,953,9,326536236.4444444,56571672.94898492,0.0
2422,1988,5,168561232.0,86557985.18912047,0.0
2428,1988,12,208714546.83333334,157816710.24788907,0.5
2429,4702,20,143945113.55,37037451.85150596,0.0
2430,4561,95,17072936.52631579,812628.8468829886,0.0
2432,4988,27,236950737.55555555,151351817.85138625,0.0
2435,2423,10,282334929.6,77380613.22279662,0.0
2436,4988,8,,,1.0
2438,2002,12,,,1.0
2439,3528,38,172278395.84210527,59535465.19691978,0.0
2442,3777,35,339454538.54285717,46333918.09759562,0.0
2443,1089,4,406323192.0,16460928.875224508,0.0
2446,5028,2,440607787.0,3940000.0,0.0
2451,473,5,,,1.0
2452,3538,1,345001120.0,0.0,0.0
2454,4363,16,272935259.0,130869653.70047076,0.0
2455,130,3,,,1.0
2457,4573,7,147646706.14285713,113798115.45158823,0.0
2459,1384,1,167334454.0,0.0,0.0
2460,4395,76,145060258.5131579,81440063.17533693,0.0
2461,2778,4,404821456.0,51138419.99905749,0.0
2463,439,2,187273782.0,10940000.0,0.0
2464,138,7,,,1.0
2465,4600,49,164266174.4489796,106040178.36992386,0.0
2467,677,4,,,1.0
2468,3538,2,,,1.0
2469,4702,1,,,1.0
2470,4395,10,197525019.1,104139600.87148148,0.0
2473,2671,14,252492824.7142857,51830290.75628472,0.0
2478,1260,26,174315561.23076922,88318516.99178252,0.0
2479,2991,3,56224533.333333336,13376290.799603436,0.0
2485,3034,6,,,1.0
2486,5126,25,196369052.4,82814002.00010951,0.0
2487,2605,2,443002352.0,0.0,0.5
2489,1637,10,282213841.0,134122890.85628593,0.0
2491,473,13,22001120.0,0.0,0.9230769230769231
2495,2055,2,163055497.0,7440000.0,0.0
2496,2656,7,,,1.0
2497,130,75,93654826.66666667,78970815.35213934,0.0
2498,3538,8,143959870.0,122735109.83389187,0.0
2499,2761,40,419093120.0,16758618.558819225,0.0
2500,1384,14,282535406.14285713,177885565.4215223,0.0
2502,96,7,57498278.85714286,18618531.130600177,0.0
2504,2744,4,32004256.0,1.862645149230957e-09,0.0
2505,4428,2,196942240.0,8940000.0,0.0
2507,5171,42,151243659.85714287,153632532.9660952,0.0
2511,2991,5,,,1.0
2513,3538,6,58201120.0,16736148.501571879,0.0
2515,2766,2,459350323.0,11440000.0,0.0
2516,1136,5,,,1.0
2517,1494,2,464775686.0,6440000.0,0.0
2518,4395,1,424000112.0,0.0,0.0
2520,2671,2,400442352.0,20439999.99999997,0.0
2522,876,3,,,1.0
2523,2766,22,202361206.54545453,101250760.45327185,0.0
2524,1922,49,133033763.20408164,78072758.66089773,0.0
2526,953,2,,,1.0
2528,4363,6,,,1.0
2532,1094,14,396073628.5,25633606.03146957,0.0
2534,1988,5,402294566.0,48908862.182635166,0.0
2537,2423,20,256360173.5,129862159.80005673,0.0
2540,2761,7,157574410.0,136308339.8144647,0.0
2544,3034,14,,,1.0
2545,5028,2,209654966.49999997,97653846.49999997,0.0
2546,677,2,396860291.0,29940000.0,0.0
2548,3795,1,,,1.0
2550,1922,3,427213446.0,6878682.044306669,0.0
2552,2916,37,151006525.4054054,82432498.00617684,0.0
2553,4702,2,467941120.0,5940000.0,0.0
2555,2002,4,449535406.0,13303307.859325815,0.0
2557,4612,7,85058566.71428572,24663708.2047421,0.0
2560,2263,17,291819422.64705884,85646132.33608939,0.0
2563,2207,2,447941624.0,2441176.0,0.0
2565,2744,93,142427700.96774194,102052155.57511337,0.0
2566,2761,38,296115054.8684211,133277622.62113962,0.0
2567,4988,98,49592184.54081633,34708108.67772484,0.0
2568,3079,18,354241136.8333333,48362889.24875442,0.0
2569,876,6,152753445.66666666,133925220.17187217,0.0
2570,196,7,226995097.14285713,138933670.78412282,0.0
2571,3777,14,444885395.85714287,17840824.543954328,0.0
2572,953,32,,,1.0
2574,2001,4,,,1.0
2575,175,1,411556004.0,0.0,0.0
2578,2766,8,211706680.0,99503183.41095224,0.0
2580,3351,36,97687255.27777778,38138871.33549886,0.0
2581,1384,5,100547786.66666667,33826890.02685421,0.4
2583,439,23,248446398.60869566,70703485.47162302,0.0
2588,439,49,376452720.32653064,48644998.07415222,0.0
2589,2991,93,100510625.84946236,80959422.52632743,0.0
2594,1871,7,128450804.14285715,28348433.06713377,0.0
2595,4497,6,111256675.66666667,17038316.296577614,0.0
2596,3032,9,,,1.0
2598,3538,4,233154454.0,29175640.524245564,0.0
2599,3262,95,68850146.35789473,36486898.85025965,0.0
2600,218,14,165300012.7142857,134009790.5701342,0.0
2601,3693,53,112099181.35849057,61292867.25507573,0.0
2602,175,2,452441120.0,14440000.00000003,0.0
2604,1735,25,107201120.0,56407148.48314883,0.0
2606,2002,15,,,1.0
2607,2766,4,,,1.0
2608,3351,7,327571083.4285714,80887115.29566711,0.0
2613,2766,22,261905571.36363637,82554983.75522585,0.0
2616,1094,36,227581860.94444445,86876449.51074614,0.0
2617,4600,12,,,1.0
2619,1384,5,271704112.2,146864623.75195646,0.0
2620,1871,5,,,1.0
2621,535,4,378572184.0,46618101.68313866,0.0
2623,3265,13,,,1.0
2624,5028,38,242387147.02631578,117439840.74637605,0.0
2627,1525,16,323287948.0,98699168.40455142,0.0
2628,4395,4,66320952.0,15997984.280377327,0.0
2633,4988,101,25397753.26732673,10480698.32792763,0.0
2637,4702,33,87531732.84848484,36709152.690464586,0.0
2640,4363,28,331807358.85714287,95054712.79827887,0.0
2643,3034,2,447606947.0,10940056.00000003,0.0
2646,677,6,,,1.0
2647,4497,6,98034453.33333333,17446992.73673132,0.0
2648,3693,44,240103172.72727272,94859358.48107374,0.0
2653,1035,10,268769120.0,156126491.50936845,0.0
2659,4240,36,133176722.0,91836497.34208,0.0
2660,439,47,298350044.9148936,159780978.57755163,0.0
2672,2991,17,254051852.2352941,65970406.5601024,0.0
2674,2656,21,,,1.0
2675,4702,4,,,1.0
2679,2778,22,266689330.0,82885025.41518001,0.0
2681,5171,11,363492141.09090906,57505678.052384205,0.0
2683,2055,8,312235406.0,76282811.48544727,0.0
2689,2207,7,240887458.2857143,93674888.22695649,0.0
2691,2001,3,381216021.3333333,93914811.51672629,0.0
2692,1035,37,274727606.4864865,101892999.31436332,0.0
2697,473,6,403406574.6666667,28587976.142995972,0.0
2700,4363,2,334940112.0,26940000.0,0.0
2701,3528,8,131788446.0,50949386.404548585,0.0
2702,535,4,,,1.0
2703,4240,13,,,1.0
2705,3693,10,310861232.0,102439244.43298087,0.0
2706,175,2,,,1.0
2708,4988,51,216822040.0980392,146050487.14189047,0.0
2711,4988,5,,,1.0
2712,1988,8,336170518.0,71724193.79121666,0.0
2715,1828,51,,,1.0
2721,218,13,,,1.0
2727,539,19,,,1.0
2729,2656,3,,,1.0
2731,2055,2,,,1.0
2733,4296,1,,,1.0
2734,1136,11,320052516.72727275,115952513.72070149,0.0
2735,2317,14,292535573.3333333,79552503.97623502,0.5714285714285714
2740,1260,23,262878386.08695653,87038598.22975981,0.0
2741,4790,46,200490948.58695653,48505747.42086296,0.0
2743,2744,3,392668122.6666667,29749932.5862915,0.0
2746,1136,1,,,1.0
2748,1089,1,477311165.0,0.0,0.0
2749,3538,6,,,1.0
2750,4600,6,,,1.0
2756,2656,24,111576335.16666667,34019219.95548896,0.0
2758,672,23,109112444.60869566,99179518.4047443,0.0
2759,1035,12,172796022.5,74348536.0744242,0.0
2763,4600,20,407842321.6,29651314.87094732,0.0
2764,4497,20,,,1.0
2770,4702,3,340881120.0,42454166.658487916,0.0
2775,2916,3,,,1.0
2776,1384,20,267780443.0,169876965.26549828,0.0
2781,535,31,,,1.0
2784,2841,6,37819888.0,12115637.278602663,0.0
2786,2163,2,130441232.0,5440000.0,0.0
2787,1871,28,65769835.60714286,23885303.354311407,0.0
2788,2423,65,274264601.61538464,104957646.90046617,0.0
2789,876,38,221851652.21052632,151451135.16077223,0.0
2791,5028,19,,,1.0
2794,953,29,,,1.0
2798,3262,22,187253047.6818182,133189820.28883965,0.0
2801,3600,13,287252420.3076923,35775656.44050885,0.0
2802,3262,1,373001232.0,0.0,0.0
2803,677,35,184195787.2,45549785.74076878,0.0
2805,96,5,361772683.2,82459058.84115893,0.0
2807,3265,1,201191597.0,0.0,0.0
2808,4497,17,127411446.58823529,150940899.4393411,0.0
2809,4395,36,297498829.3888889,47153234.32595769,0.0
2812,535,13,,,1.0
2813,196,6,,,1.0
2815,2766,5,,,1.0
2820,3795,96,4396281.46875,914341.4799494692,0.0
2821,2761,8,,,1.0
2823,2055,6,,,1.0
2824,2163,8,,,1.0
2825,1035,45,176286685.68888888,137549990.49163625,0.0
2828,473,3,131547786.66666667,40319290.11720762,0.0
2830,2423,1,150889337.0,0.0,0.0
2831,196,9,,,1.0
2832,4497,5,,,1.0
2833,218,4,186488235.0,18680952.86648943,0.0
2835,2778,4,340316456.0,33957903.71916382,0.0
2836,3678,3,439436526.3333333,31487067.67355063,0.0
2838,2002,9,,,1.0
2839,196,15,333467507.73333335,97055954.94170032,0.0
2840,3032,12,295087843.5833333,129022149.95173164,0.0
2842,5028,3,,,1.0
2843,175,2,,,1.0
2844,196,3,,,1.0
2845,2991,8,,,1.0
2847,130,7,341793612.28571427,45029830.999381,0.0
2849,473,9,301410008.8888889,91937075.63623725,0.0
2851,4395,25,105644737.88,59246997.482537106,0.0
2852,1832,71,86089877.52112676,109359631.38305756,0.0
2853,3538,10,286033120.0,123610431.66335113,0.0
2855,535,24,73154453.33333333,24600587.165531002,0.0
2856,5137,1,111001231.99999999,0.0,0.0
2858,3216,6,187034509.33333334,23645502.61815887,0.0
2859,723,18,108912231.1111111,50928786.106886424,0.0
2861,4561,32,298017307.5625,38953601.11960772,0.0
2864,196,8,,,1.0
2867,1094,4,152938768.0,39986222.62730002,0.0
2868,1384,95,173009662.08421052,110974046.00594662,0.0
2870,4395,7,,,1.0
2872,3034,5,371294230.0,13713969.064463278,0.0
2875,4363,8,196456092.0,130577201.31836645,0.0
2877,2123,8,,,1.0
2878,672,3,56547898.666666664,13000198.289086036,0.0
2880,535,94,90674190.18085106,68823915.25036669,0.0
2883,2317,6,231437702.66666666,98000738.93952508,0.0
2884,2766,1,,,1.0
2887,3351,21,263616112.0,94118648.04115723,0.0
2888,2001,2,,,1.0
2891,2123,22,58765801.45454545,10258486.569052648,0.0
2892,3600,12,,,1.0
2898,1035,8,78093543.5,92554049.91683522,0.0
2904,2761,2,,,1.0
2905,3262,7,198489382.85714287,161264019.2545208,0.0
2906,4497,54,170405572.74074075,106544711.8366491,0.0
2908,2174,9,,,1.0
2910,473,22,,,1.0
2912,2766,4,363321960.0,74453130.98745546,0.0
2914,1637,9,163310438.66666666,25170462.047348607,0.0
2915,3425,25,169015632.0,69340223.13664702,0.0
2918,3528,21,192296358.0952381,73270281.61403812,0.0
2919,2991,3,,,1.0
2921,3034,8,345490015.0,85693050.18899722,0.0
2922,196,94,18459479.489361703,3981824.165212134,0.0
2923,2916,3,,,1.0
2926,2593,9,,,1.0
2929,1832,35,359442606.05714285,78266520.08210753,0.0
2932,3777,30,378486782.7,77465173.17542414,0.0
2934,2423,35,195522488.14285713,70701336.1370681,0.0
2938,2761,4,,,1.0
2939,1094,2,,,1.0
2940,4702,16,194722786.875,111449783.62718828,0.0
2941,3777,9,119899009.77777778,75015983.15289257,0.0
2944,1260,9,,,1.0
2950,1035,3,438547227.0,18087461.587151103,0.0
2959,2055,13,268340431.15384614,124163340.38844934,0.0
2961,2002,6,291776877.6666667,44174361.59382751,0.0
2962,3678,12,394352213.3333333,45837833.338702485,0.0
2963,1089,14,316590683.4285714,100250409.18965088,0.0
2965,130,6,366203472.0,97440197.04413573,0.0
2968,4428,5,,,1.0
2974,1074,21,136082099.76190478,93024017.89961503,0.0
2975,2916,6,258866778.66666666,31460677.39611184,0.0
2983,4497,1,445001120.0,0.0,0.0
2984,2174,9,,,1.0
2985,4600,62,240194144.20967743,97622360.49763744,0.0
2989,1828,30,174443781.33333334,74118136.70680672,0.0
2990,5171,29,368975874.37931037,37222192.94217896,0.0
2992,1832,1,,,1.0
2993,5126,20,287568879.7,130236552.99827665,0.0
2994,4988,5,,,1.0
2996,1832,1,244500112.0,0.0,0.0
2999,2317,17,213244967.0,136103490.62355548,0.0
3001,4428,49,201356965.57142857,120493597.34956098,0.0
3007,3777,1,,,1.0
3010,5137,2,325441232.0,27440000.0,0.0
3016,1988,3,,,1.0
3018,4497,1,300857255.0,0.0,0.0
3019,677,27,283183622.1851852,182779290.7171714,0.0
3020,3795,9,157743454.2222222,113893917.28736757,0.0
3024,672,9,66892710.666666664,30261620.77394809,0.0
3029,4363,24,191500072.83333334,122403444.47211865,0.0
3033,4363,22,204351234.9090909,151428344.90316075,0.0
3035,2123,4,,,1.0
3036,876,3,,,1.0
3037,2656,21,88236414.47619048,89910498.485263,0.0
3038,2174,10,,,1.0
3040,4363,2,,,1.0
3043,1094,33,162525972.12121212,83534799.47530925,0.0
3045,2123,10,331169653.0,96681802.69220394,0.0
3048,2207,3,,,1.0
3049,2207,29,214433080.96551725,54996021.48050924,0.0
3052,3693,31,252953996.38709676,123917566.26622567,0.0
3053,5137,28,135627423.17857143,47886150.81207807,0.0
3056,1035,9,,,1.0
3061,2841,19,249287613.42105263,55158766.43607086,0.0
3063,2841,75,158460320.36,146131349.80433092,0.0
3064,4573,1,282333446.0,0.0,0.0
3065,4296,10,379169351.2,99349354.6971408,0.5
3066,2778,8,250456456.0,53023013.635590345,0.0
3067,130,1,,,1.0
3072,3693,45,252498120.8888889,111979681.1692435,0.0
3073,1260,7,255147562.0,113301528.19021392,0.0
3074,3216,5,,,1.0
3075,1922,21,219677767.95238096,135662776.22877458,0.0
3077,218,2,40940448.0,1940000.0,0.0
3078,4988,37,253293577.94594595,140682960.541811,0.0
3080,3600,5,,,1.0
3084,539,22,,,1.0
3085,1922,14,,,1.0
3086,2593,2,66442240.0,3440000.0,0.0
3087,2263,20,,,1.0
3088,1260,4,320912296.5,160028248.186416,0.0
3091,1348,2,,,1.0
3095,175,4,,,1.0
3098,2916,68,74258013.19117647,25878291.63726638,0.0
3100,2423,64,255835586.0,153038048.09685186,0.0
3106,2841,99,168693454.9090909,123144720.90081778,0.0
3107,299,18,114806049.77777778,43497706.98179178,0.0
3108,3538,7,,,1.0
3109,439,35,59672066.28571428,94839747.89340614,0.0
3114,672,3,264213445.33333334,16445216.798679056,0.0
3118,96,3,,,1.0
3119,677,79,214450459.87341774,143152373.16764006,0.0
3122,2761,1,226000224.0,0.0,0.0
3123,3777,24,346099379.0,49191721.6044858,0.0
3125,1988,26,,,1.0
3127,1871,10,119575843.0,101060226.01087593,0.0
3132,2761,2,,,1.0
3135,1260,1,400002352.0,0.0,0.0
3142,2605,100,96611591.68,73504194.64803372,0.0
3144,2423,2,,,1.0
3145,2656,2,,,1.0
3147,1832,12,363217255.5,48489530.94863367,0.0
3149,2423,2,457794566.0,18439944.00000003,0.0
3150,2055,1,15001120.0,0.0,0.0
3151,672,30,180942606.6,139557645.59104574,0.0
3152,2766,1,,,1.0
3153,535,8,406971983.5,50190644.638583496,0.0
3154,3265,27,285309876.7407407,63810094.929457046,0.0
3157,2671,4,424297045.0,32515503.994248666,0.0
3160,1988,5,275321232.0,27655523.860523783,0.2
3162,3265,3,,,1.0
3163,2207,6,,,1.0
3164,3882,94,54140809.19148936,40509119.03901872,0.0
3165,2671,18,,,1.0
3167,439,1,,,1.0
3171,1384,17,207776193.88235295,145351357.18124515,0.0
3172,138,2,,,1.0
3176,299,54,136944481.42592594,99768231.86584754,0.0
3179,723,47,194494437.10638297,38066736.25131193,0.0
3180,3425,6,,,1.0
3181,5171,4,,,1.0
3182,2991,2,342951200.0,47940000.0,0.0
3184,2671,3,,,1.0
3185,3034,41,174735314.85365853,116010275.5314026,0.0
3189,130,6,,,1.0
3194,2317,33,191199748.5151515,86152427.05954593,0.0
3195,2766,5,350661232.0,9742114.760153472,0.0
3196,3034,15,161049187.66666666,166604796.21826023,0.0
3197,175,1,50001119.99999999,0.0,0.0
3198,2593,11,203279456.0909091,33644635.603503354,0.0
3199,2163,1,218000224.0,0.0,0.0
3200,535,14,236620672.0,115482314.94198468,0.0
3201,2317,4,268066400.0,86252701.30051117,0.0
3202,1260,92,148473967.3043478,91669504.30538298,0.0
3206,2174,23,,,1.0
3207,5028,23,288006811.9130435,32125250.44314356,0.0
3209,1735,35,252941146.7142857,113811148.13477466,0.0
3211,4428,24,179847267.33333334,122724086.47092219,0.0
3214,2605,28,168188090.85714287,43874674.239299685,0.0
3220,672,1,,,1.0
3222,4600,9,284568926.0,115949048.76120284,0.0
3223,5137,6,,,1.0
3224,3600,47,113899370.44680852,122386867.06350817,0.0
3227,2671,47,181168309.44680852,113227403.09358568,0.0
3228,4395,6,282324015.1666667,47036303.84934215,0.0
3233,473,15,,,1.0
3234,2766,1,423001232.0,0.0,0.0
3235,1637,14,302025171.5,70756496.63324551,0.0
3237,4497,1,383236415.0,0.0,0.0
3238,2002,2,119441120.0,23440000.0,0.0
3239,1832,14,231974398.14285713,108823086.90198763,0.0
3240,4702,11,405919301.8181818,41301590.728375286,0.0
3241,1348,96,17497719.260416668,6373616.455426522,0.0
3242,3216,57,268106118.7368421,124651242.05732566,0.0
3247,2656,4,,,1.0
3248,1260,1,,,1.0
3252,672,3,,,1.0
3253,3032,5,156961232.0,31267056.145406462,0.0
3254,4988,52,157004839.84615386,56303372.849741794,0.0
3255,2916,26,213727533.46153846,80969430.64694986,0.0
3256,2744,26,313704136.61538464,68346666.5194519,0.0
3257,4296,12,251305398.66666666,90534641.75462832,0.0
3258,218,7,,,1.0
3260,2671,10,310322352.0,116886902.60247296,0.6
3261,2916,8,,,1.0
3263,672,2,,,1.0
3264,4573,34,177119684.4117647,71915351.33427392,0.0
3271,130,2,,,1.0
3272,3693,17,333193132.2352941,124975360.27974372,0.0
3276,3351,1,,,1.0
3277,4240,12,,,1.0
3279,535,4,308412380.0,88575158.84789144,0.0
3281,4702,2,457774454.0,12440000.0,0.0
3288,1832,16,248727239.25,73531967.53681076,0.0
3291,3600,3,315546853.3333333,141666108.1523834,0.0
3292,196,2,380441231.99999994,63440000.0,0.0
3293,4790,2,106941232.0,10940000.000000007,0.0
3294,4600,3,321566396.6666667,168512372.23521355,0.0
3295,1832,6,,,1.0
3298,473,9,185410008.8888889,147524247.68261313,0.0
3300,3351,2,377500112.0,87500000.0,0.0
3301,3693,7,,,1.0
3302,130,1,497003472.0,0.0,0.0
3303,2916,28,204654715.2142857,135709456.25852656,0.0
3304,2174,6,,,1.0
3305,3795,25,226473523.36,25471851.364529006,0.0
3307,4497,11,,,1.0
3308,5137,3,68461232.0,50953539.62189477,0.0
3310,672,3,,,1.0
3311,2671,8,,,1.0
3312,4363,17,355349137.88235295,95860071.7398025,0.0
3316,439,99,27474395.717171717,14580864.056871068,0.0
3321,3034,16,136869227.0,78102539.3569245,0.0
3322,5137,1,184001232.0,0.0,0.0
3323,2263,94,73239479.94680852,36501854.27152678,0.0
3324,3777,6,,,1.0
3328,4612,35,139210208.0,87649360.0280342,0.0
3331,2174,1,,,1.0
3332,3032,5,,,1.0
3333,3216,4,447822240.0,27344066.998162508,0.0
3341,4612,2,270441232.0,63440000.0,0.0
3346,3216,1,191001120.0,0.0,0.0
3347,3351,4,,,1.0
3348,2991,5,,,1.0
3350,1922,59,189077690.93220338,105758975.97260377,0.0
3352,1035,99,37263242.4040404,28039434.064307872,0.0
3353,2766,4,,,1.0
3354,3538,13,177588812.30769232,66559002.18300777,0.0
3356,2055,21,303864701.0,108295872.38715121,0.0
3357,196,1,,,1.0
3362,1094,17,93864649.41176471,34908439.72471186,0.0
3363,4428,48,258993074.08333334,117287088.71542089,0.0
3364,4561,9,,,1.0
3365,4363,2,452941232.0,21940000.0,0.0
3366,2123,1,,,1.0
3369,2916,10,199185691.7,156098851.59810245,0.0
3371,2778,1,,,1.0
3376,5126,17,,,1.0
3377,1871,3,420790285.6666667,48262113.98494808,0.0
3378,3034,3,74380336.0,8190010.175003855,0.0
3379,3425,41,259218517.07317072,118953799.08683936,0.0
3380,138,4,,,1.0
3381,4240,96,178830918.875,90878007.59435458,0.0
3384,218,21,,,1.0
3387,5126,3,285406050.0,121379547.27508365,0.0
3388,4573,3,253991223.33333334,8634339.709683781,0.0
3390,2174,2,,,1.0
3391,3777,14,,,1.0
3393,953,9,412633575.1111111,34528688.376300275,0.0
3395,4395,7,417975686.0,26422726.148958534,0.0
3396,1832,3,47880336.0,5257020.702514559,0.0
3397,5044,4,422577898.75,36833090.78371876,0.0
3399,1094,9,,,1.0
3401,677,1,418920291.0,0.0,0.0
3402,2991,2,465941344.0,8940000.0,0.0
3403,1988,3,,,1.0
3405,876,6,128201120.0,32490901.29046387,0.0
3406,138,4,231571120.0,94424761.05344403,0.0
3408,1035,18,363373897.7777778,57926318.40973645,0.0
3409,3216,1,,,1.0
3410,299,98,14655094.877551021,3003602.0426772865,0.0
3413,4363,7,72512236.85714285,72808540.14019306,0.0
3414,3216,2,,,1.0
3418,3216,2,29941176.0,3939944.0,0.0
3419,2423,74,268018553.6081081,119384464.8449692,0.0
3421,2174,2,150001120.5,81142857.5,0.0
3426,953,2,,,1.0
3430,3262,7,,,1.0
3434,1035,3,259117983.66666666,52434115.50689454,0.0
3435,5044,14,164410197.7142857,117034610.61426021,0.0
3436,672,12,460758850.6666667,42719713.35801255,0.0
3441,5044,14,346807738.9285714,117322763.50592914,0.0
3442,2174,1,,,1.0
3444,2656,1,,,1.0
3447,130,6,,,1.0
3448,535,4,335328456.0,91492512.35485938,0.0
3449,723,1,,,1.0
3450,2002,12,310213445.3333333,62926347.06985267,0.75
3451,2001,56,144070149.82142857,41784179.507044025,0.0
3454,2916,47,207394311.4893617,121092556.63662039,0.0
3456,2423,12,,,1.0
3457,3795,19,285940781.3684211,101380239.7978897,0.0
3458,439,94,99660695.0638298,71452004.54418823,0.0
3459,1494,35,115798971.77142857,46276115.96437912,0.0
3460,723,15,215118072.53333333,66407837.95325285,0.0
3465,3079,1,,,1.0
3466,4612,4,,,1.0
3468,138,12,237200112.0,145795857.27996525,0.5
3470,1384,1,,,1.0
3475,3600,98,21674829.244897958,16484962.452757372,0.0
3476,2001,1,314002688.0,0.0,0.0
3480,3538,45,140663181.06666666,59987119.26115625,0.0
3481,3262,6,382368533.6666667,41569581.40770832,0.0
3482,2174,6,,,1.0
3484,4702,30,315794453.3333333,77306142.6336154,0.0
3486,2423,27,240090446.44444445,47126366.049770005,0.0
3487,218,37,288292709.2432432,147556920.63513651,0.0
3491,1832,38,215859406.7631579,136110102.55028445,0.0
3493,3678,1,,,1.0
3495,3216,10,257285539.8,148152890.95043012,0.0
3497,1384,10,,,1.0
3498,4395,5,351745986.6,70952400.84996021,0.0
3500,3216,6,,,1.0
3501,138,10,194502263.2,173903069.03557378,0.0
3502,3425,1,,,1.0
3505,2123,5,,,1.0
3506,3262,14,,,1.0
3509,2207,6,,,1.0
3516,1094,6,219461120.0,133486066.18919694,0.5
3517,3795,1,443001232.0,0.0,0.0
3518,5171,4,430071232.0,38350690.99768608,0.0
3519,2778,30,240750237.16666666,80257366.65351254,0.0
3520,1637,30,235511454.6,105423629.31826966,0.0
3522,723,3,491001120.0,0.0,0.6666666666666666
3523,4612,7,327242240.0,158803024.08059758,0.0
3529,1035,12,392805406.0,57157522.98108564,0.0
3533,196,10,77686330.2,68994823.9139528,0.0
3535,3777,56,79704639.10714285,33993853.96456902,0.0
3536,5028,13,299570112.0,117338124.66543004,0.6923076923076923
3537,2207,92,8673838.72826087,1153366.798714096,0.0
3543,2744,94,159068505.8723404,67760744.64799426,0.0
3545,130,10,,,1.0
3547,3032,2,380248925.0,27940000.0,0.0
3548,3351,2,397940112.0,78940000.0,0.0
3549,2744,12,108522012.0,59330078.83339332,0.0
3550,4573,6,,,1.0
3551,3795,7,367212660.5714286,58683116.92680357,0.0
3552,1832,11,219302591.36363637,81896486.41402969,0.0
3554,3425,4,,,1.0
3555,2761,26,,,1.0
3560,2423,20,309173905.75,83811959.5933141,0.0
3561,138,1,,,1.0
3565,3216,29,228811114.86206895,126457182.96250556,0.0
3567,1735,8,,,1.0
3568,2778,3,238496841.0,14870427.028165666,0.0
3569,4296,6,281862240.0,168165463.35876063,0.0
3574,138,5,293694454.0,66696422.6926752,0.0
3578,2002,32,139948203.75,100346818.49533805,0.0
3580,2841,1,,,1.0
3581,130,6,310203080.0,84598424.32524963,0.0
3583,1735,22,159064510.0909091,94534983.43174782,0.0
3584,535,4,190048263.0,104157758.61942519,0.0
3585,2317,1,,,1.0
3586,2174,37,355442240.0,57439999.99999997,0.9459459459459459
3587,2163,2,26941232.0,1940000.0,0.0
3588,2916,4,283160112.0,21725616.21680729,0.0
3589,2163,9,287965552.6666667,75381393.61325829,0.0
3590,4497,12,,,1.0
3594,1871,17,246376596.94117647,100767924.94043119,0.0
3595,4561,8,325239315.0,67871666.40064174,0.0
3598,3265,12,323519692.0,58633458.309512444,0.0
3601,953,45,227067945.64444444,64923285.75639551,0.0
3603,1348,9,,,1.0
3604,3216,1,34001120.0,0.0,0.0
3605,876,1,,,1.0
3606,2163,20,351175406.0,64913422.292411104,0.0
3609,723,9,283882670.2222222,148986423.37682077,0.0
3610,535,5,230294812.4,61878679.28183432,0.0
3611,3693,6,289200112.0,107036841.0096885,0.0
3612,3032,2,462719010.0,5940000.0,0.0
3613,5126,56,246369104.55357143,86672530.53656487,0.0
3614,3079,15,,,1.0
3617,439,29,189036728.10344827,126100756.21784541,0.0
3618,4988,72,188625238.0,147778369.67026946,0.0
3620,3216,6,287186062.0,43551336.577953465,0.0
3621,3795,4,258821232.0,74632285.23903044,0.0
3623,4296,17,,,1.0
3625,1094,1,498001119.99999994,0.0,0.0
3629,3032,11,57069803.428571425,28205261.63100547,0.36363636363636365
3630,2002,9,343965564.4444444,84837076.68376435,0.0
3632,953,5,,,1.0
3633,3034,1,264857479.0,0.0,0.0
3634,3882,94,64996601.5319149,43384115.162532,0.0
3635,96,1,483910323.0,0.0,0.0
3637,2744,4,418982899.0,38463950.655126415,0.0
3639,4240,29,319786484.4137931,48397778.70513234,0.0
3640,2055,8,94903446.0,32003367.010363143,0.5
3643,723,8,,,1.0
3645,672,9,294086020.3333333,65653545.92032169,0.0
3647,677,20,361715859.2,66907601.13584313,0.0
3648,1094,1,447001232.0,0.0,0.0
3649,3528,5,415997484.0,27537262.028023053,0.0
3650,3693,3,181214453.33333334,16840976.482641645,0.0
3651,5137,10,30661288.0,15671029.26129053,0.0
3653,3538,6,,,1.0
3656,439,13,290800930.0769231,100459130.63501471,0.0
3657,1494,31,297097835.87096775,15659247.878512796,0.0
3660,3265,3,444653428.0,16809001.74934216,0.0
3676,4395,19,222229862.7368421,61831785.9796581,0.0
3677,1074,3,458380112.0,18739163.97992896,0.0
3679,4497,13,335622830.7692308,82644462.09696704,0.0
3681,4600,14,172864161.14285713,131833054.04753521,0.0
3682,672,6,217034378.66666666,96855230.63576667,0.0
3686,1871,21,,,1.0
3688,2761,11,305808708.90909094,119900680.02740179,0.0
3689,5028,27,299053510.8888889,89705990.51620777,0.0
3690,196,10,56571232.0,26453270.119212106,0.6
3692,4612,5,110591573.6,153215222.8759369,0.0
3697,218,9,289429809.7777778,99959218.82116716,0.0
3698,5028,1,,,1.0
3699,1089,35,224075015.1142857,121092138.15128833,0.0
3702,3351,69,300954232.5652174,166390660.50023293,0.0
3703,4395,10,169862190.4,111828490.12952395,0.0
3706,1922,2,,,1.0
3707,1637,38,271300897.68421054,105099119.70554695,0.0
3708,1494,8,,,1.0
3711,5126,24,,,1.0
3716,3034,1,191000336.0,0.0,0.0
3723,953,3,339882800.0,88638194.92746904,0.0
3727,3528,34,288259943.7058824,188344995.96700642,0.0
3729,1094,10,96660672.0,33696866.323146425,0.0
3730,1035,80,179077541.0,158040898.37877774,0.0
3737,196,3,425547898.6666667,29685324.469995085,0.0
3741,4702,93,196340262.01075268,100851026.13688093,0.0
3742,2002,4,,,1.0
3748,4240,5,,,1.0
3749,2766,1,293334566.0,0.0,0.0
3750,4296,7,259727763.14285713,68219962.26146422,0.0
3751,473,1,,,1.0
3752,175,1,471477311.0,0.0,0.0
3753,1828,99,154079891.3939394,99300403.04937841,0.0
3755,3678,11,,,1.0
3757,2123,31,229510003.6451613,159622197.78809538,0.0
3758,672,15,57293549.86666667,26261149.848818764,0.0
3761,2207,93,339856080.2580645,91549763.17203547,0.0
3765,3678,11,346309579.8181818,44242069.66983619,0.0
3768,4988,62,258911030.4516129,179670870.38660067,0.0
3769,3079,19,232965936.84210527,9406982.495337708,0.0
3776,2656,5,,,1.0
3781,2605,48,286909942.0625,92853906.91172725,0.0
3785,1089,34,114162479.05882353,59031497.78794883,0.0
3792,1828,7,194629691.7142857,161857359.83937413,0.0
3793,2778,1,360001456.0,0.0,0.0
3794,2671,9,135865209.66666666,111995570.81068222,0.0
3797,1871,1,,,1.0
3799,4497,95,203271837.83157894,108039643.09735663,0.0
3803,4790,9,294753534.2222222,114363329.18260291,0.0
3804,3882,6,382185296.6666667,54390050.15216988,0.0
3805,473,5,,,1.0
3808,1637,30,159611898.66666666,119485858.99408998,0.0
3814,1094,17,303307002.7647059,110003955.53353612,0.0
3817,3216,3,,,1.0
3821,2761,1,425333446.0,0.0,0.0
3825,3262,49,247864497.79591838,68837202.5146624,0.0
3827,3795,8,157081232.0,86561166.81283818,0.0
3835,4561,35,191585200.94285715,81121311.67490746,0.0
3836,4790,95,64668771.91578947,48287049.0549567,0.0
3838,2744,29,307325848.5862069,127834646.7125539,0.0
3841,5126,10,339322110.5,48630770.23248309,0.0
3845,1637,3,430324781.0,48735574.959844954,0.0
3846,3034,30,331005776.06666666,139209810.55003822,0.0
3851,4561,4,379517367.25,82258252.86916782,0.0
3854,3216,9,,,1.0
3857,473,1,,,1.0
3860,1348,3,,,1.0
3861,2761,14,76718284.57142857,86832634.70046191,0.0
3862,439,3,,,1.0
3863,4988,5,398104224.0,53709724.110257715,0.0
3867,3538,3,438785882.3333333,20724023.633347735,0.0
3868,723,6,350789691.6666667,95334369.7610357,0.0
3870,2761,10,259243133.2,109899480.47791037,0.0
3871,2263,15,238974809.6,168123945.54527554,0.0
3872,4702,30,326463342.73333335,69203475.08913153,0.0
3873,3262,8,376761232.0,67778202.98591578,0.375
3874,3216,2,251941680.0,9940560.0,0.0
3876,1637,4,149321232.0,6405310.29693333,0.0
3877,4612,21,368992529.8333333,42639008.25668276,0.7142857142857143
3878,1922,9,,,1.0
3883,1922,3,,,1.0
3884,3351,11,192595930.63636363,16115631.752334742,0.0
3886,1074,9,256007731.2222222,78875294.14958267,0.0
3889,1828,1,362236863.0,0.0,0.0
3890,2174,2,456441680.0,24439440.0,0.0
3895,2317,97,87542256.61855671,54061552.42965911,0.0
3896,5028,32,237628697.85714287,72436441.90593769,0.5625
3898,4790,23,226290781.08695653,91543951.7342482,0.0
3901,2163,1,,,1.0
3902,2055,10,364961120.0,61238719.77760476,0.0
3904,3528,14,331132300.5714286,44717757.45745198,0.0
3905,3216,5,,,1.0
3906,1074,15,,,1.0
3907,539,4,107018655.0,138235133.19428888,0.0
3908,2423,94,133145838.5638298,80812201.93585776,0.0
3911,1348,4,,,1.0
3912,2656,21,,,1.0
3913,138,15,188827786.66666666,144700924.9759271,0.0
3917,175,1,,,1.0
3918,1922,1,,,1.0
3919,1828,7,,,1.0
3923,2263,5,,,1.0
3924,3262,7,402001232.0,0.0,0.8571428571428571
3925,2317,97,37669197.12371134,32524955.833173256,0.0
3927,4497,7,326069691.71428573,52503920.63106006,0.0
3929,138,1,,,1.0
3935,4600,4,,,1.0
3937,3678,6,,,1.0
3939,2991,1,,,1.0
3941,2841,24,323269089.3333333,55863117.55838097,0.0
3942,2174,59,241787341.05084747,122475591.68532297,0.0
3944,3079,39,111817867.87179486,38169899.700221695,0.0
3945,5028,16,,,1.0
3946,196,5,,,1.0
3951,723,1,,,1.0
3952,723,6,315071120.0,61017931.79058105,0.3333333333333333
3953,539,12,289498450.0,70738742.68733789,0.0
3956,196,14,,,1.0
3957,1136,1,286002240.0,0.0,0.0
3958,2656,2,,,1.0
3959,2123,1,446011312.0,0.0,0.0
3961,677,14,172553365.2857143,62035895.77788289,0.0
3962,299,17,,,1.0
3966,2593,9,159560220.2222222,16619545.912128476,0.0
3970,439,2,,,1.0
3974,2263,29,183902188.79310346,90115654.36659068,0.0
3975,4296,6,,,1.0
3979,3528,6,297467114.6666667,75976581.1871585,0.0
3982,2761,1,,,1.0
3988,3216,80,230940906.225,108421392.52443187,0.0
3991,723,2,,,1.0
3992,2991,5,,,1.0
3997,4600,4,332070672.0,52265840.786441006,0.0
3998,1988,46,180046772.17391303,97259688.92502208,0.0
4001,3425,1,,,1.0
4002,3425,2,476274510.0,10939944.0,0.0
4003,4497,95,252928409.6,156369598.0077582,0.0
4005,3351,10,,,1.0
4010,1828,3,355275070.0,41940616.0,0.3333333333333333
4013,1384,5,83161120.0,20756030.449004456,0.0
4015,3528,2,,,1.0
4018,5126,94,4014954.8085106383,64592.54444087298,0.0
4019,2744,53,187217224.58490565,160598947.54243985,0.0
4020,2841,24,359940835.3333333,52831955.897645816,0.0
4022,723,3,,,1.0
4023,3693,1,151001120.0,0.0,0.0
4025,1089,21,,,1.0
4030,218,4,49820420.0,10980856.761423308,0.0
4031,4573,63,241403559.07936507,57251759.75295176,0.0
4036,138,3,,,1.0
4038,4395,33,360666082.0,50675835.119023666,0.0
4041,2002,11,173673847.27272728,131576264.03040309,0.0
4044,4600,94,8081808.0,269472.4254406206,0.0
4045,2761,31,342048627.8064516,86282868.91853857,0.0
4046,3882,1,484001232.0,0.0,0.0
4048,5137,16,52802898.8125,34830323.72237767,0.0
4051,3262,1,,,1.0
4053,4573,60,93636997.23333333,46526793.06535252,0.0
4054,1922,6,89700112.0,55415058.1220183,0.0
4055,2991,3,,,1.0
4056,2744,4,,,1.0
4057,2766,1,342925317.0,0.0,0.0
4060,2317,95,146022571.11578947,96348298.56816767,0.0
4061,2778,5,307028100.6,96566696.06874828,0.0
4062,953,5,74162800.0,33602809.40635767,0.0
4066,2766,63,171362081.47619048,94958102.59194642,0.0
4067,3693,14,425001120.0,0.0,0.9285714285714286
4068,2656,1,,,1.0
4073,2766,16,296599382.0,101881131.57396777,0.0
4075,3538,17,243333066.11764705,91070246.86066619,0.0
4076,2317,6,118382054.0,69819228.48675236,0.0
4084,3678,11,,,1.0
4088,3425,20,132485668.8,70063756.13483006,0.0
4094,3528,51,122431428.39215687,46570550.87544866,0.0
4095,1922,9,236231223.1111111,178061809.77055532,0.0
4096,3693,7,75497254.85714285,29863069.26828602,0.0
4099,175,12,170675564.66666666,178428022.95929712,0.0
4100,953,8,268325013.625,149532583.50207394,0.0
4101,2423,9,200997610.1111111,91466310.05698176,0.0
4102,2263,12,291092986.6666667,113706631.23064177,0.0
4103,3032,7,,,1.0
4104,1136,5,368512240.0,68133962.16278633,0.0
4108,3216,8,,,1.0
4109,4573,2,,,1.0
4110,1384,54,245662485.03703704,102316350.35298213,0.0
4111,1828,97,210081467.93814433,80012679.31714724,0.0
4112,3538,31,125116837.41935484,53576695.10338376,0.0
4113,3032,1,462333557.99999994,0.0,0.0
4114,4600,9,232521107.55555555,149343530.30941597,0.0
4115,1035,94,30839418.21276596,20597867.365527004,0.0
4118,130,45,69805397.95555556,12971881.745407945,0.0
4120,1494,14,,,1.0
4122,1525,1,158000112.0,0.0,0.0
4125,4702,16,295468178.625,156691825.84197238,0.0
4126,2263,9,,,1.0
4129,2263,1,429591596.0,0.0,0.0
4130,3777,5,34441231.99999999,2439999.999999998,0.6
4131,2778,3,298214789.3333333,36255277.623479255,0.0
4134,535,54,107357493.22222222,31152482.91837734,0.0
4135,2671,10,,,1.0
4139,4600,38,167555056.36842105,104752886.21987253,0.0
4141,2207,32,241621431.375,142921414.9832438,0.0
4144,138,2,,,1.0
4147,4428,28,277422400.1785714,67880825.2125417,0.0
4152,2423,6,335201045.3333333,86964944.15834962,0.0
4154,5044,30,179645351.83333334,144911553.12825987,0.0
4155,3528,5,279761120.0,7930498.092806025,0.0
4156,2841,42,185860461.07142857,96502853.3411491,0.0
4157,1922,10,76160112.0,44899140.303573735,0.0
4160,1260,19,260241246.31578946,117445514.46387923,0.0
4169,876,1,489909203.0,0.0,0.0
4173,2317,34,246624947.0,175339512.6425953,0.0
4174,723,95,4447325.336842106,1003290.6873570809,0.0
4175,4790,2,217001680.0,186000000.0,0.0
4177,4395,2,381868796.0,13440000.0,0.0
4181,2671,35,205073193.31428573,127950566.89252359,0.0
4183,3528,4,76321120.0,18912112.52081586,0.0
4184,3882,2,428170994.0,7939999.99999997,0.0
4188,4428,1,487001344.0,0.0,0.0
4189,2317,19,,,1.0
4191,1871,8,87492001.25,78965712.41855694,0.0
4194,4702,18,202514732.16666666,131989093.65728402,0.0
4196,1136,57,101684772.21052632,53987368.614294216,0.0
4199,439,1,,,1.0
4200,3351,75,144196420.01333332,98380263.28810094,0.0
4201,723,43,247016066.6744186,102038992.37719026,0.0
4203,3034,14,117188891.42857143,96353901.8631131,0.0
4204,196,2,,,1.0
4205,1348,8,,,1.0
4207,4600,5,,,1.0
4208,2778,4,340286456.0,128085066.55734695,0.0
4209,96,4,125571120.0,14131365.822170198,0.0
4210,2916,3,260546778.66666666,42870873.8215379,0.0
4213,2761,26,287642642.0,96898951.09412321,0.0
4215,4600,20,214690224.1,58696773.74414486,0.0
4216,1494,4,302822352.0,98570066.450216,0.0
4217,1637,43,212364596.3255814,135784076.28793392,0.0
4228,3351,1,,,1.0
4235,138,4,,,1.0
4237,2761,5,303570890.8,115308965.10394555,0.0
4238,1260,37,157020767.27027026,95382962.10742427,0.0
4242,4363,8,295705952.0,118234859.26085928,0.0
4244,5171,1,,,1.0
4246,3262,3,,,1.0
4249,138,2,,,1.0
4253,1094,4,47001120.0,0.0,0.75
4255,2423,97,165391535.03092784,123131097.40161544,0.0
4257,2656,3,,,1.0
4258,218,4,234721008.0,106447783.22686478,0.0
4267,672,7,341958532.4285714,72859514.34408301,0.0
4269,2916,4,381570112.0,81585387.78482333,0.0
4270,4702,5,391878768.0,40368859.28534518,0.0
4273,4240,21,236485092.19047618,14116056.400531247,0.0
4274,3528,20,307051735.45,125522509.02084437,0.0
4276,2761,10,306060224.0,79833669.58871427,0.0
4281,5137,11,155592967.54545453,94034380.33455104,0.0
4283,3795,2,288440448.0,136440000.0,0.0
4285,1922,55,302772476.6181818,87454587.2099845,0.0
4287,3262,4,246571232.0,72850363.76024488,0.0
4288,3693,95,51837174.06315789,53796504.81578783,0.0
4290,1494,3,105215685.33333333,27429275.520063516,0.0
4291,175,2,,,1.0
4292,2991,46,257634519.1521739,130061872.75485852,0.0
4293,1089,7,,,1.0
4294,3882,21,275276505.28571427,55418433.43549459,0.0
4297,4296,4,,,1.0
4298,218,96,94708561.14583333,78323427.80519046,0.0
4299,439,94,239343766.4680851,123765534.56652793,0.0
4301,2656,3,374548906.6666667,44970417.93100092,0.0
4303,3034,16,311325322.0,113023274.27367058,0.0
4305,2671,4,279322352.0,77032902.06139192,0.0
4306,218,25,256854296.96,65597319.09505738,0.0
4309,535,5,,,1.0
4310,2001,3,427541635.6666667,33031487.567312896,0.0
4311,4702,3,342544453.3333333,71409922.90213516,0.0
4313,473,5,177457120.0,132675183.75340582,0.0
4315,1384,3,,,1.0
4318,3600,9,242224375.44444445,168423014.62230787,0.0
4320,1260,11,291753296.90909094,65564810.9346405,0.0
4322,2317,8,,,1.0
4323,1348,10,,,1.0
4325,138,1,,,1.0
4326,1074,2,354500112.0,100499999.99999997,0.0
4327,539,7,,,1.0
4331,2263,30,193995351.46666667,151538957.36779153,0.0
4332,1094,15,,,1.0
4334,2656,95,8001568.0,3.847067751827292e-09,0.0
4336,1832,1,,,1.0
4338,3032,5,271826891.0,7920404.030098464,0.0
4340,1988,7,361279803.4285714,71724125.53439371,0.0
4341,1035,1,369444669.0,0.0,0.0
4344,4296,1,,,1.0
4345,2002,20,303414727.85,63907014.3986539,0.0
4346,3777,2,,,1.0
4349,2001,27,268266621.1851852,65438679.549410746,0.0
4352,2761,2,446773558.0,30440000.0,0.0
4353,3693,5,280469826.8,86322019.85667643,0.0
4354,2656,6,156980018.33333334,5135583.922225615,0.0
4355,4600,6,,,1.0
4356,723,11,265105120.0,176682807.49410793,0.5454545454545454
4357,3678,49,183271405.16326532,75273515.41978815,0.0
4361,3693,3,,,1.0
4362,3538,73,108384525.46575342,129872905.5270749,0.0
4364,5137,22,,,1.0
4367,1988,2,356608907.0,75940000.0,0.0
4368,2423,6,311261054.3333333,10841935.046639744,0.0
4369,535,2,464675729.0,5947336.0,0.0
4370,1922,25,206155312.68,103295960.85165682,0.0
4371,130,3,81548570.66666667,3202724.587732694,0.0
4372,2841,7,293213188.5714286,71561094.56308213,0.0
4375,1089,39,57962665.43589743,61418832.698686145,0.0
4382,4395,6,410701045.3333333,37975495.79278136,0.0
4385,1735,2,,,1.0
4387,4612,13,373168393.84615386,57665279.85358014,0.0
4389,138,30,111993516.3,106795659.51739718,0.0
4390,196,26,157248909.53846154,59994392.666975886,0.0
4391,3795,48,100957711.39583333,63160268.13744926,0.0
4397,3600,6,218700205.66666666,55548418.850600444,0.0
4401,4497,10,,,1.0
4403,2916,23,239793495.0,116470905.14793363,0.0
4407,953,8,291490883.0,95333024.70812514,0.0
4408,953,22,45761890.90909091,25300292.83141545,0.0
4409,1089,3,,,1.0
4411,2761,2,,,1.0
4415,4790,11,277941033.3636364,106891684.91190113,0.0
4418,4296,16,341122066.0,82301812.51801202,0.0
4423,2317,7,175070811.42857143,45329204.53387054,0.0
4425,1089,54,173041677.33333334,71555657.52928427,0.0
4426,2317,3,345851129.3333333,67086995.53974767,0.0
4429,3538,52,191196812.01923078,143584046.60991356,0.0
4430,2605,9,435744574.2222222,18380241.67280227,0.0
4431,3265,18,187037188.6111111,123859540.74557279,0.0
4434,1089,5,,,1.0
4437,5137,33,324783374.3030303,76098023.26485145,0.0
4438,5028,4,220141889.75,58138323.06554921,0.0
4445,3693,5,,,1.0
4446,3538,11,120821034.18181819,39535692.002907455,0.0
4451,1260,5,36962352.0,12392126.532601254,0.0
4452,4296,100,86779763.48,62426787.13403419,0.0
4454,4988,50,233353666.96,169070028.79041174,0.0
4455,2207,1,482911890.99999994,0.0,0.0
4456,4600,62,237112421.9032258,107231592.08332661,0.0
4457,2317,29,,,1.0
4460,3678,21,,,1.0
4462,2263,17,131683136.47058824,97082229.24978735,0.0
4464,3034,1,429000336.0,0.0,0.0
4465,5137,22,216108499.72727272,95007354.72144124,0.0
4467,3265,2,471259302.0,6439999.99999997,0.0
4476,3777,22,,,1.0
4477,175,19,385213781.3333333,39063603.975510955,0.8421052631578947
4479,3528,77,172103635.51948053,162997331.69769394,0.0
4481,4988,53,152594897.2264151,145776763.13489568,0.0
4482,3216,5,278019831.6,126071328.79674886,0.0
4483,723,14,93498262.85714285,52158741.69009331,0.5
4485,2593,30,189002240.0,0.0,0.9666666666666667
4487,2163,2,,,1.0
4489,723,33,355356085.42424244,87252789.26575927,0.0
4492,218,15,288408925.8666667,114067321.01761016,0.0
4494,2002,26,100638556.0,73514986.33294612,0.0
4498,4600,2,,,1.0
4500,1074,5,198056112.0,135131451.49816158,0.0
4501,3265,1,,,1.0
4509,2207,68,121719612.6764706,98990661.60411651,0.0
4511,3425,10,,,1.0
4512,1089,1,,,1.0
4513,1260,3,,,1.0
4515,4790,2,307951312.0,19939999.99999997,0.0
4519,677,15,,,1.0
4524,2263,34,194639501.2647059,60123435.731410526,0.0
4525,5137,38,285881796.2105263,110183941.24710912,0.0
4526,1348,4,,,1.0
4527,1832,2,,,1.0
4529,473,1,,,1.0
4531,2263,12,,,1.0
4534,218,54,223905651.75925925,99725488.77097718,0.0
4535,723,22,,,1.0
4537,2744,65,330075196.86153847,95870222.01415934,0.0
4540,1828,6,175368608.0,139980714.74174008,0.0
4542,3600,7,234109096.7142857,37192645.82838693,0.0
4543,2002,22,191390210.9090909,144257249.60226408,0.0
4547,5137,50,282948692.24,67480114.61272596,0.0
4549,1384,23,366490449.2173913,40370333.030425176,0.0
4550,3538,3,369012402.3333333,126414511.90551,0.0
4552,1348,13,,,1.0
4554,3882,89,219437651.01123595,89517936.46806836,0.0
4559,2263,99,204127685.84848484,103862231.6520614,0.0
4562,4395,9,,,1.0
4563,1871,7,313926946.28571427,82569928.60723619,0.0
4566,1035,5,,,1.0
4567,3538,6,124201120.0,33975167.40208942,0.0
4575,4395,14,247919163.42857143,107455733.12637521,0.0
4579,196,1,438002240.0,0.0,0.0
4580,1828,1,194001120.0,0.0,0.0
4581,439,35,219012043.1142857,123857675.52541965,0.0
4587,2317,1,,,1.0
4588,4395,22,137712926.04545453,64797416.08177064,0.0
4589,3079,67,206600248.52238807,83467549.42465293,0.0
4593,3678,72,115887149.44444445,60653415.432334386,0.0
4594,2123,8,,,1.0
4595,2002,60,195147159.93333334,43477355.35059394,0.0
4598,723,17,209437529.2352941,133691152.13771099,0.0
4599,4600,45,203808885.68888888,142450913.1181207,0.0
4601,2916,24,245033620.0,115132119.07956003,0.0
4602,2423,4,247320448.0,35856212.850773856,0.0
4603,876,8,161357890.0,44172339.76143894,0.0
4604,2766,1,461243090.0,0.0,0.0
4605,2916,12,162907890.08333334,51894584.06238281,0.0
4607,4988,24,211941652.70833334,86816854.81781091,0.0
4608,2766,3,36215573.333333336,4824087.708802797,0.0
4610,3538,48,245622787.04166666,129636471.2373271,0.0
4611,1074,1,,,1.0
4615,2841,5,331361388.8,31375169.36050176,0.0
4616,1494,1,474002352.0,0.0,0.0
4619,2761,4,341070196.0,64280719.75392273,0.0
4621,1136,32,303656685.0625,64713352.65398308,0.0
4624,3600,22,255167830.0,100924876.46096005,0.0
4626,4363,11,245708008.63636363,125498916.26996247,0.0
4628,3795,2,367441232.0,24440000.0,0.0
4634,3678,77,112473175.27272727,80740006.71767235,0.0
4636,2778,23,336877566.8695652,76244599.09903257,0.0
4637,3538,15,171299786.66666666,65805520.93015364,0.0
4638,439,2,331690448.0,5440000.0,0.0
4639,4790,7,,,1.0
4642,1637,11,,,1.0
4644,4702,14,72851653.14285715,19809535.76069542,0.0
4646,196,5,,,1.0
4650,2174,1,268001119.99999997,0.0,0.0
4651,4612,5,42962240.0,5943467.001675034,0.0
4653,218,14,331877703.5714286,90362258.88644625,0.0
4654,2207,4,234321876.0,79510850.46334614,0.0
4659,2163,18,200202956.44444445,36330179.225563705,0.0
4661,1525,4,,,1.0
4662,3034,1,,,1.0
4664,1735,1,449001120.0,0.0,0.0
4667,4600,9,294267351.0,92728052.33681422,0.0
4669,4240,4,,,1.0
4672,4612,10,,,1.0
4673,5044,2,28940112.0,2939999.999999998,0.0
4677,2778,1,,,1.0
4678,4497,12,263091120.33333334,54434406.90919261,0.0
4679,4296,8,,,1.0
4680,473,4,427098620.0,43598556.38378406,0.0
4684,672,100,16673006.56,1358615.1471498949,0.0
4687,3032,9,99174690.1111111,90408979.85591239,0.0
4691,1832,12,376492712.0,54215254.77223792,0.0
4692,96,3,,,1.0
4695,1922,4,356070112.0,21733741.04934537,0.0
4696,3795,3,379213781.6666667,50316251.406037346,0.0
4697,4790,2,137441232.0,9440000.0,0.0
4705,3600,60,214025613.86666667,148002169.78405532,0.0
4708,876,1,,,1.0
4709,1094,8,273761176.25,103736621.61645944,0.0
4711,3538,2,203168393.0,6439999.999999985,0.0
4713,5137,1,,,1.0
4714,1637,4,396470560.75,55877883.06006397,0.0
4716,4573,3,,,1.0
4717,5137,2,98441232.0,9440000.0,0.0
4723,3777,1,,,1.0
4724,4988,30,232930891.26666668,31778687.721210454,0.0
4725,1260,1,175002240.0,0.0,0.0
4726,2163,8,324298310.0,106290755.78196828,0.0
4728,2778,3,336557012.0,102328929.78967988,0.0
4729,2317,1,25002240.0,0.0,0.0
4731,3425,3,,,1.0
4732,2593,1,305003472.0,0.0,0.0
4734,2055,5,170433848.0,24930238.66712872,0.0
4736,2593,49,80743542.20408164,16091552.924688602,0.0
4737,2916,14,,,1.0
4741,3693,8,,,1.0
4742,5126,15,186297927.4,105440471.34943148,0.0
4743,3351,9,395411788.7777778,40430336.328675486,0.0
4745,723,67,271185721.86567163,131427909.79367585,0.0
4746,1832,7,318652810.71428573,81966983.87765098,0.0
4749,3079,2,,,1.0
4755,2916,5,,,1.0
4757,4296,13,335882153.84615386,39670198.55485195,0.0
4760,3777,1,,,1.0
4761,4240,62,202488396.27419356,118291560.22775257,0.0
4762,2263,2,259501736.0,193499384.0,0.0
4764,3262,59,293962895.62711865,153417219.40455854,0.0
4766,5171,5,106001232.0,0.0,0.8
4767,677,97,223723116.8556701,152096644.44429237,0.0
4770,677,28,229692420.57142857,137151126.0209933,0.0
4771,2163,7,364550163.0,78403853.88876458,0.0
4774,2991,26,212361550.76923078,93772748.29838313,0.0
4775,3600,12,178605621.0,73066558.02615768,0.0
4776,1074,47,209351137.68085107,164093152.4007725,0.0
4777,2841,2,301941680.0,34939440.0,0.0
4778,2671,2,,,1.0
4780,2778,2,433941456.0,29940000.0,0.0
4782,5137,14,134664089.5,123645472.06238332,0.0
4786,1384,7,386455405.71428573,21011244.511412635,0.0
4787,2656,46,73958947.56521739,65664722.878748946,0.0
4788,3262,31,,,1.0
4791,3034,17,142100456.47058824,102687539.09134214,0.0
4793,4296,1,,,1.0
4797,1922,48,198515286.66666666,47719712.90049379,0.0
4798,3795,34,275976784.9411765,105335790.43107402,0.0
4800,439,8,256796643.25,66866109.34989378,0.0
4801,5028,55,132034089.96363637,62490495.186225235,0.0
4802,2163,14,,,1.0
4803,5044,8,,,1.0
4807,2766,2,,,1.0
4809,4600,43,128403014.55813953,44366336.6354265,0.0
4811,196,1,,,1.0
4812,2163,3,,,1.0
4818,4428,9,,,1.0
4819,2002,12,211203977.41666666,162813494.87561163,0.0
4820,4240,1,75000224.0,0.0,0.0
4823,96,2,406442240.0,61440000.0,0.0
4825,5171,7,420783977.14285713,11682834.433824835,0.0
4827,4428,27,262129353.2222222,110319153.94300699,0.0
4831,5137,38,375308332.6315789,68477123.48799367,0.0
4832,2593,1,324002240.0,0.0,0.0
4833,218,15,331950797.93333334,93226942.74482724,0.0
4839,4497,3,,,1.0
4840,1735,12,134892612.41666666,124463589.2199639,0.0
4841,2778,2,387259638.0,11440000.0,0.0
4844,2593,61,251303231.44262296,134465540.68859372,0.0
4845,2163,93,53735502.12903226,44718307.91337245,0.0
4848,4240,38,224159848.34210527,171884565.5743366,0.0
4850,1136,1,152001344.0,0.0,0.0
4851,723,42,102407800.35714285,51794900.93295084,0.0
4852,4363,2,,,1.0
4853,2123,47,184136439.14893618,44460900.195281014,0.0
4860,2916,6,131701120.0,30985620.320830543,0.0
4861,473,3,,,1.0
4862,3678,1,476001344.0,0.0,0.0
4863,2841,47,249042075.57446808,153467009.84195462,0.0
4865,3538,80,121584396.45,138611643.65984657,0.0
4867,2671,7,162223268.57142857,46116958.134778336,0.0
4869,3693,2,288942240.0,67940000.0,0.0
4873,1035,4,262928263.0,24931415.924491744,0.0
4874,3600,13,288572755.6923077,186460593.9046906,0.0
4877,2841,3,425381493.3333333,44452173.745259695,0.0
4878,3882,5,322411916.8,35997815.88093005,0.0
4879,3693,75,184547629.01333332,93450878.00752623,0.0
4882,2656,2,262942240.0,19940000.0,0.0
4883,439,7,110498070.85714285,69696275.1231746,0.0
4884,1735,65,136679479.18461537,114083442.84425887,0.0
4887,3693,29,184903360.0,151024181.1961632,0.0
4888,4296,27,270843597.037037,140800006.8205545,0.0
4890,4612,2,,,1.0
4891,535,12,132012174.83333333,2824755.4024715926,0.0
4892,5044,13,,,1.0
4895,2123,28,98087234.42857143,59184899.52660622,0.0
4896,3882,4,,,1.0
4897,2001,2,,,1.0
4901,4702,11,240128392.9090909,66533445.51352219,0.0
4902,3528,19,166522523.89473686,28625917.846375544,0.0
4903,2916,2,,,1.0
4906,539,2,297942576.0,133940000.00000001,0.0
4908,3265,4,363821120.0,67806327.13840206,0.0
4909,2174,5,,,1.0
4915,3538,26,77811889.57692307,20300709.940555315,0.0
4917,4988,8,284816891.0,97407610.74075383,0.0
4918,4702,56,179071834.60714287,96893867.7853537,0.0
4921,2656,1,,,1.0
4922,2841,62,168366281.53225806,107266308.54263021,0.0
4923,2605,11,,,1.0
4924,5137,33,191306378.03030303,104491519.1654769,0.0
4926,2174,2,,,1.0
4932,1988,17,141480751.3529412,109220725.03544424,0.0
4933,3538,40,250165735.85,115887456.4880078,0.0
4935,1035,14,,,1.0
4936,130,5,,,1.0
4938,539,9,,,1.0
4940,723,4,,,1.0
4945,2766,32,192779509.0,133996587.77029477,0.0
4947,4790,68,118584188.70588236,38303742.55681814,0.0
4948,3795,38,264909042.9473684,64527806.930014886,0.0
4950,1525,27,270467326.9259259,36642383.58888222,0.0
4952,1348,25,203681218.56,120502556.6016511,0.0
4953,5044,17,360447566.11764705,44466488.652851306,0.0
4954,3034,1,,,1.0
4955,4497,1,,,1.0
4958,2841,23,212607518.26086956,138668838.1870438,0.0
4960,2671,95,14707051.252631579,16474591.35625399,0.0
4962,5137,54,187746256.3148148,146095257.8884836,0.0
4964,473,2,258364197.0,11440000.0,0.0
4965,1035,22,210486740.36363637,64641927.26119291,0.0
4967,4790,1,355615497.0,0.0,0.0
4969,1494,4,,,1.0
4974,3034,44,191970141.8181818,60394525.4021365,0.0
4976,196,6,113754621.0,128101579.98080716,0.0
4978,3034,13,268668019.84615386,137554482.51090062,0.0
4979,3528,22,245387180.8181818,112326217.74758463,0.0
4981,130,100,127896929.77,86636690.14834689,0.0
4987,3528,41,204918365.75609756,128456165.81439836,0.0
4990,218,1,,,1.0
4991,1136,9,,,1.0
4994,4497,1,254909203.0,0.0,0.0
4995,1260,1,194309933.0,0.0,0.0
4997,1494,40,32913387.425,4257635.01281901,0.0
4998,96,7,146076847.2857143,73379992.14186805,0.0
5001,1136,12,140237646.66666666,75678623.62911707,0.0
5006,1828,1,404003360.0,0.0,0.0
5007,473,25,98855099.16,87376585.15347683,0.0
5008,3351,51,128383641.84313725,100565660.04429127,0.0
5009,2744,11,213941063.45454547,81177405.84355223,0.0
5011,439,16,75317864.0,42976227.71323924,0.0
5012,4702,8,320056120.0,121093765.21935388,0.0
5014,1384,1,,,1.0
5015,4573,2,,,1.0
5017,4497,19,,,1.0
5020,2001,2,114775462.0,7440560.0,0.0
5021,3693,7,235473373.14285713,146356613.3400837,0.0
5023,3777,95,37002212.55789474,38469528.24095325,0.0
5024,1136,1,,,1.0
5027,3538,22,303168796.77272725,78441034.15729545,0.0
5029,2317,25,337997628.84,42373657.08722877,0.0
5032,218,23,320557176.7826087,90929668.33775204,0.0
5033,3351,34,213401190.9117647,89078733.62571813,0.0
5034,3079,2,60441120.0,10440000.000000004,0.0
5039,2671,60,338963677.78333336,133656254.8086147,0.0
5045,2761,12,361673548.0,61870595.121258825,0.0
5046,2656,18,146223086.9090909,59944663.690820165,0.3888888888888889
5048,535,27,178765071.07407406,57245479.565694794,0.0
5050,96,17,340773754.9411765,43696080.90711764,0.0
5051,4240,41,128010640.73170732,136785650.03040347,0.0
5055,130,2,454852563.0,23940000.0,0.0
5056,723,20,,,1.0
5057,439,1,415501456.0,0.0,0.0
5060,3538,22,267334686.54545453,144734089.55551147,0.0
5062,4395,7,267124033.57142857,72376985.19677474,0.0
5067,3351,4,,,1.0
5068,2671,7,,,1.0
5069,3528,12,315793277.3333333,64973189.83737581,0.0
5070,218,1,,,1.0
5071,3777,61,296012875.1803279,95195371.27595624,0.0
5072,4395,40,169281728.225,91439596.73211843,0.0
5076,1035,6,446652972.3333333,31362345.468352154,0.0
5077,3351,94,145653000.65957448,71775581.14733513,0.0
5080,3265,5,203511120.0,18931370.790304646,0.0
5081,1384,1,,,1.0
5083,3262,10,144798075.0,60921382.12483365,0.0
5085,723,2,289441120.0,29440000.000000015,0.0
5086,1988,27,322923773.3703704,102668268.37479159,0.0
5089,3882,1,453000448.0,0.0,0.0
5091,3079,3,,,1.0
5092,3600,15,254333759.33333334,147810393.37878934,0.0
5098,677,3,,,1.0
5099,3032,39,321020974.2051282,77320417.43046974,0.0
5100,672,62,373841189.2741935,101137066.09951761,0.0
5102,4497,100,59356982.0,54237819.28878858,0.0
5104,4573,45,260851470.5111111,54223798.708928525,0.0
5107,4790,1,16011872.0,0.0,0.0
5109,218,16,109038494.0,35737971.51191293,0.0
5110,3425,12,326186157.3333333,146376476.10906458,0.0
5111,535,1,,,1.0
5112,130,2,,,1.0
5113,3528,5,236561120.0,30105893.110818014,0.0
5114,3538,25,,,1.0
5115,2744,36,108032784.44444445,40405391.45710013,0.0
5116,3528,16,261956802.0,128982679.72473337,0.0
5122,3425,7,391847581.4285714,35279045.75506196,0.0
5124,2778,16,303115345.0,88979185.06594674,0.0
5125,2916,8,416169398.0,22315688.98779511,0.0
5128,1871,1,,,1.0
5129,1260,7,,,1.0
5130,299,2,,,1.0
5133,2317,73,274171094.4246575,51644979.69672041,0.0
5134,3538,1,,,1.0
5136,4600,67,173288824.37313432,139262459.13346416,0.0
5139,138,8,,,1.0
5140,4988,63,299435148.26984125,138577058.72669634,0.0
5143,3600,97,65970296.24742268,46701788.81457771,0.0
5146,1348,3,,,1.0
5147,953,3,,,1.0
5148,2744,15,,,1.0
5150,3528,27,264181860.74074075,128282265.796835,0.0
5152,4561,2,,,1.0
5153,953,21,265760083.04761904,97970563.26141867,0.0
5155,1525,12,85413548.16666667,62026287.38584526,0.0
5156,1988,20,131521665.55,95421336.42419048,0.0
5160,3351,30,,,1.0
5167,299,13,,,1.0
5169,4395,3,,,1.0
5176,2744,1,112003808.0,0.0,0.0
5178,4395,12,350465780.0,113889132.15758516,0.0
5181,138,3,264881120.0,102532513.21735299,0.0
5184,3678,19,378259545.84210527,19950854.293085594,0.0
5186,4573,31,158791349.48387095,110498754.51178788,0.0
5187,4790,13,235060542.76923078,136308645.38649258,0.0
5190,1988,20,,,1.0
5191,473,78,165120881.23076922,143094492.6261004,0.0
5193,1384,15,295046695.0,124161062.52468617,0.0
5194,4561,3,237455981.66666666,5158018.568748619,0.0
5198,4240,66,91649616.24242425,29592138.56831875,0.0
5199,3538,15,325282817.2,63973640.783242926,0.0
5203,2916,24,223260112.20833334,136561460.1984294,0.0
5204,4573,73,78340861.5479452,101585260.64902239,0.0
5205,3032,1,,,1.0
5209,4600,14,284492580.5714286,20655533.07503373,0.0
5210,723,95,93937048.18947369,66641978.89603569,0.0
5211,723,2,331385565.0,37939999.99999997,0.0
5212,1074,20,238889445.6,91465696.13219011,0.0
5214,2002,11,291387805.0,113230232.71193962,0.2727272727272727
5216,218,1,459668235.0,0.0,0.0
5217,3538,1,445890009.0,0.0,0.0
5218,3351,60,240112984.06666666,92537423.61250584,0.0
5219,2916,55,165723540.87272727,117565081.25590032,0.0
5221,672,70,148634139.42857143,84161064.43999784,0.0
5224,3777,10,389361120.0,32269165.25156634,0.0
5228,2317,33,226269175.75757575,95533515.32731266,0.0
5229,2916,39,174446265.84615386,80020459.19847815,0.0
5230,3351,7,406960164.4285714,48899227.15063572,0.0
5231,2605,88,92971303.27272727,67971642.38874227,0.0
5233,2916,3,280020463.6666667,22799820.66206272,0.0
5234,2002,7,,,1.0
